RegionID,SizeRank,RegionName,RegionType,StateName,1/31/2018,2/28/2018,3/31/2018,4/30/2018,5/31/2018,6/30/2018,7/31/2018,8/31/2018,9/30/2018,10/31/2018,11/30/2018,12/31/2018,1/31/2019,2/28/2019,3/31/2019,4/30/2019,5/31/2019,6/30/2019,7/31/2019,8/31/2019,9/30/2019,10/31/2019,11/30/2019,12/31/2019,1/31/2020,2/29/2020,3/31/2020,4/30/2020,5/31/2020,6/30/2020,7/31/2020,8/31/2020,9/30/2020,10/31/2020,11/30/2020,12/31/2020,1/31/2021,2/28/2021,3/31/2021,4/30/2021,5/31/2021,6/30/2021,7/31/2021,8/31/2021,9/30/2021,10/31/2021,11/30/2021,12/31/2021,1/31/2022,2/28/2022,3/31/2022,4/30/2022,5/31/2022,6/30/2022,7/31/2022,8/31/2022,9/30/2022,10/31/2022,11/30/2022,12/31/2022,1/31/2023,2/28/2023,3/31/2023,4/30/2023,5/31/2023,6/30/2023,7/31/2023,8/31/2023,9/30/2023,10/31/2023
102001,0,United States,country,,37066,36475,46872,41641,44494,42057,36238,38087,31117,31887,31115,31881,24621,27581,33940,32796,35473,32549,29983,29102,25757,26937,26183,30762,21350,24197,30694,26587,27367,36306,38966,37028,36515,35860,32033,37163,29209,32016,43517,41296,39420,41474,36208,36679,36032,35580,36230,52271,33441,36660,46567,39773,40752,42214,34093,36996,36624,32747,31928,37381,24569,31273,42895,37818,42978,42341,34096,37166,33917,31641
394913,1,"New York, NY",msa,NY,516,435,533,500,570,636,580,586,466,534,510,496,492,350,463,487,615,537,532,539,442,552,421,500,434,436,427,370,385,492,631,730,677,761,616,702,560,578,681,648,573,619,548,536,465,500,473,654,528,459,529,555,535,572,470,434,381,376,443,386,273,306,389,308,405,429,330,421,363,350
753899,2,"Los Angeles, CA",msa,CA,418,430,668,499,521,562,498,564,384,397,439,406,318,339,529,465,453,446,460,357,331,286,316,416,224,235,264,180,179,235,307,286,338,333,356,445,211,298,355,325,288,319,275,212,200,213,241,378,207,203,229,180,181,186,142,143,158,136,158,168,124,160,228,162,200,216,159,158,176,169
394463,3,"Chicago, IL",msa,IL,345,346,435,479,562,472,435,444,398,456,424,414,325,376,462,455,518,444,445,431,347,391,405,389,305,336,404,356,374,430,533,519,476,494,463,479,359,379,573,568,526,528,442,487,425,457,516,509,347,405,619,515,534,593,423,543,516,427,455,417,276,325,493,465,457,496,400,502,430,388
394514,4,"Dallas, TX",msa,TX,1510,1637,2201,1928,1770,1470,1563,1664,1432,1259,1186,1330,890,1085,1525,1364,1251,1133,1180,1234,1050,1192,1106,1533,879,1084,1368,1140,1213,1725,1736,1441,1510,1382,1236,1609,1086,1013,1420,1262,1246,1176,930,909,1094,1021,1088,1745,1094,1125,1556,1322,1380,1394,1121,1329,1383,1209,1391,2011,1206,1742,2217,1932,2056,1968,1566,1717,1506,1391
394692,5,"Houston, TX",msa,TX,1365,1679,1877,1850,1798,1612,1353,1684,1331,1428,1315,1476,696,870,1262,1352,1252,1233,1223,1212,1069,1092,1099,1655,942,1208,1436,1164,1306,1721,1711,1524,1606,1627,1579,1826,1090,1182,1829,1830,1828,1644,1448,1516,1414,1462,1594,2496,1532,1958,2495,1971,2059,2166,1631,1741,1816,1691,1749,2236,1343,1859,2328,1986,2206,2142,1701,1716,1702,1530
395209,6,"Washington, DC",msa,VA,1202,1002,1322,963,1070,1115,883,950,671,624,571,580,653,547,668,632,596,583,451,438,376,393,369,400,316,337,463,367,400,508,547,476,559,585,499,532,465,487,647,704,668,650,592,588,563,611,623,956,697,733,856,672,675,696,579,592,553,529,517,540,420,489,622,587,628,585,553,564,509,482
394974,7,"Philadelphia, PA",msa,PA,340,259,291,307,365,325,266,316,241,228,244,249,251,225,347,356,311,278,258,243,206,261,249,205,205,204,236,196,166,256,298,303,309,353,288,324,338,353,451,434,397,397,366,377,337,365,349,511,362,335,408,382,374,355,337,273,276,291,264,228,188,170,244,266,269,314,266,244,205,232
394856,8,"Miami, FL",msa,FL,550,514,856,752,795,933,730,737,648,666,693,698,467,419,469,367,335,303,321,346,305,280,249,314,221,206,253,231,184,286,366,381,359,359,280,418,315,343,497,499,514,477,427,410,384,361,368,561,291,281,373,278,305,298,228,253,256,257,259,282,147,170,272,244,243,270,239,242,241,239
394347,9,"Atlanta, GA",msa,GA,1713,2030,2473,2087,2030,2074,1937,1897,1677,1426,1472,1822,1197,1401,1781,1637,1825,1733,1698,1731,1628,1486,1481,1853,1150,1342,1778,1554,1635,2301,2278,2025,1968,1867,1683,2017,1473,1597,2086,1744,1664,1680,1405,1293,1439,1228,1382,1822,1125,1195,1637,1323,1324,1459,1150,1251,1246,1110,1093,1241,800,1032,1435,1184,1377,1278,1034,1071,1034,980
394404,10,"Boston, MA",msa,MA,288,222,312,285,344,353,312,289,231,253,215,210,233,214,262,299,376,317,266,291,238,239,256,293,235,279,325,294,266,370,422,405,400,381,342,430,299,283,460,496,452,474,390,442,403,294,317,442,275,242,304,328,311,392,280,308,239,269,264,240,255,208,295,256,328,305,278,270,274,226
394976,11,"Phoenix, AZ",msa,AZ,1073,574,605,560,727,664,638,620,563,504,540,690,1145,1400,1545,1621,1790,1577,1220,807,701,686,652,788,512,625,661,548,620,777,798,814,835,777,730,845,461,546,736,640,655,652,481,609,714,600,608,1197,602,714,920,765,814,732,550,640,749,568,634,846,493,626,925,805,1043,995,783,917,1008,839
395057,12,"San Francisco, CA",msa,CA,183,203,250,173,211,229,200,155,112,128,104,123,75,102,139,140,162,139,133,135,108,102,105,121,94,71,88,61,53,92,120,112,130,121,100,129,101,104,152,164,174,138,127,115,137,126,144,,112,215,246,167,160,146,96,114,78,101,93,137,54,69,130,105,82,102,71,74,85,61
395025,13,"Riverside, CA",msa,CA,501,558,707,516,558,530,385,514,311,260,304,316,169,207,267,230,295,265,220,272,204,214,250,287,218,205,257,162,186,251,267,237,245,195,240,238,199,228,218,202,177,173,170,181,196,206,206,,261,322,370,237,245,263,191,289,337,296,335,380,252,281,378,308,327,345,271,335,324,269
394532,14,"Detroit, MI",msa,MI,334,315,363,323,381,347,363,381,275,340,339,251,238,221,262,279,301,210,216,259,236,239,182,203,156,187,217,131,101,217,268,298,303,338,232,287,233,254,334,302,314,337,271,252,278,255,260,335,262,254,283,276,235,312,261,283,254,245,203,222,129,143,278,229,240,257,190,217,175,199
395078,15,"Seattle, WA",msa,WA,713,725,983,764,848,867,658,766,668,579,606,662,526,707,797,678,736,581,523,515,427,446,439,621,454,524,553,299,280,402,471,449,453,425,407,507,559,720,851,719,686,769,729,748,857,792,801,1117,634,648,894,685,670,518,443,499,591,493,562,509,397,668,741,535,572,507,382,438,371,336
394865,16,"Minneapolis, MN",msa,MN,407,467,628,649,774,657,572,574,465,589,522,411,362,372,531,618,712,565,527,520,436,559,485,456,355,377,464,572,482,608,670,668,623,660,512,558,481,586,710,677,571,696,607,574,568,587,563,606,419,521,640,648,653,584,485,491,528,416,443,466,242,330,527,525,565,530,384,521,395,432
395056,17,"San Diego, CA",msa,CA,201,183,224,207,232,177,116,153,97,94,133,112,52,81,103,119,86,88,108,91,89,101,108,141,79,80,94,75,61,84,127,104,93,111,85,115,49,70,102,61,65,57,64,37,66,66,57,81,47,36,44,43,30,46,26,41,35,38,55,48,42,56,66,54,48,50,35,43,46,32
395148,18,"Tampa, FL",msa,FL,791,618,683,564,602,545,545,592,478,507,545,459,840,935,1079,610,530,515,526,630,565,595,680,666,451,522,604,638,675,836,657,754,793,762,783,766,574,712,811,794,766,794,703,702,728,599,702,890,566,611,796,551,627,739,543,637,448,693,821,706,578,726,770,713,825,749,630,775,665,756
394530,19,"Denver, CO",msa,CO,693,656,995,853,908,861,663,713,599,571,533,680,596,650,858,714,666,662,523,501,490,479,447,523,306,337,410,342,364,540,502,415,423,433,380,446,291,290,411,333,281,297,266,250,266,280,359,612,370,383,468,373,351,364,255,237,322,268,306,369,210,293,419,372,362,376,341,375,322,312
394358,20,"Baltimore, MD",msa,MD,478,348,378,384,438,443,238,233,190,188,187,171,168,158,208,192,191,198,163,180,187,156,148,186,149,126,223,139,173,185,202,236,309,276,240,242,218,241,291,250,326,304,237,209,230,218,205,331,180,169,282,220,187,227,188,222,173,148,152,161,93,139,165,144,200,165,149,194,207,159
395121,21,"St. Louis, MO",msa,MO,154,156,180,155,187,180,154,133,190,190,173,225,101,120,151,130,152,131,126,128,110,120,104,116,82,103,163,151,151,160,160,146,147,134,94,125,123,103,181,148,177,175,151,137,150,120,129,148,92,86,140,95,120,123,107,86,95,80,69,81,56,57,127,118,148,136,117,119,100,95
394943,22,"Orlando, FL",msa,FL,1046,673,878,761,859,833,735,740,747,879,880,930,623,566,600,399,532,495,483,544,465,485,506,575,283,357,367,300,337,395,485,498,440,428,458,425,404,469,516,584,537,452,431,425,402,351,394,605,345,420,502,373,507,503,420,538,368,465,387,495,325,414,544,515,649,595,482,509,538,467
394458,23,"Charlotte, NC",msa,NC,766,818,1023,965,957,901,614,712,511,517,535,575,613,635,817,763,846,733,515,508,513,515,495,675,350,495,587,449,484,611,584,557,537,522,442,623,649,786,948,836,837,1019,783,843,860,776,812,1193,750,820,1057,824,868,1018,773,864,927,726,770,857,544,609,911,866,904,898,709,790,745,680
395055,24,"San Antonio, TX",msa,TX,466,385,490,380,464,446,409,438,474,481,553,399,269,329,465,499,616,597,525,570,436,452,505,501,339,424,577,531,593,692,730,618,625,518,536,605,434,455,808,853,772,587,524,552,457,350,411,634,432,507,682,618,633,545,457,492,578,497,526,685,464,784,915,892,1114,957,842,892,752,634
394998,25,"Portland, OR",msa,OR,411,540,693,614,675,575,458,600,532,565,630,513,378,472,467,480,623,500,501,490,394,420,420,467,406,490,514,375,342,444,549,528,544,495,386,513,380,558,624,653,555,536,517,460,440,477,509,648,504,501,532,446,467,392,324,381,339,293,304,293,204,317,339,293,307,278,271,336,256,248
395045,26,"Sacramento, CA",msa,CA,373,424,486,472,470,402,377,455,362,336,387,302,253,364,423,402,433,334,329,179,164,198,190,214,158,178,160,176,183,203,246,272,195,192,166,159,87,133,166,130,117,167,132,136,144,160,144,,,423,535,434,403,384,320,270,208,170,132,134,89,104,154,135,131,122,107,132,140,138
394982,27,"Pittsburgh, PA",msa,PA,70,46,79,78,79,59,56,58,53,50,87,67,72,42,47,42,80,83,67,79,54,54,63,63,44,53,58,50,47,66,92,98,59,96,58,98,65,90,93,67,77,124,76,90,83,89,92,107,67,70,98,76,97,67,65,57,75,75,59,73,39,42,76,63,80,76,37,49,53,63
394466,28,"Cincinnati, OH",msa,OH,329,254,212,192,153,167,168,141,132,115,102,126,144,125,140,101,97,119,115,100,82,103,92,91,65,89,109,103,88,157,207,138,154,136,139,140,128,125,230,191,190,187,131,154,103,122,128,178,96,121,205,135,160,194,135,130,132,108,116,142,124,127,183,137,179,141,159,131,118,96
394355,29,"Austin, TX",msa,TX,579,528,667,540,553,500,411,400,444,466,392,405,282,355,475,423,536,477,430,454,391,404,511,630,383,515,647,492,538,816,750,737,703,645,732,777,594,494,731,512,559,590,422,504,599,480,491,833,460,513,751,627,660,717,590,793,939,647,693,1012,545,782,911,745,1049,931,758,812,722,713
394775,30,"Las Vegas, NV",msa,NV,383,318,1009,795,847,855,807,813,880,639,696,722,263,316,281,233,221,229,218,191,193,179,180,218,136,169,178,132,119,198,247,198,232,204,186,212,152,194,211,195,156,155,136,132,167,149,171,,282,275,333,265,218,216,196,241,283,187,170,227,173,184,242,189,198,243,177,215,224,184
394735,31,"Kansas City, MO",msa,MO,241,285,402,343,441,416,310,313,231,278,263,203,165,160,215,286,294,274,251,243,207,225,181,239,167,165,266,290,257,310,351,306,337,304,250,253,208,246,339,327,324,313,289,272,275,288,297,324,253,233,315,330,350,328,262,252,232,263,229,221,144,185,260,272,350,353,241,271,210,247
394492,32,"Columbus, OH",msa,OH,246,227,259,231,227,202,136,119,119,132,91,119,113,126,222,227,224,196,126,56,74,77,80,83,53,68,113,95,102,106,149,156,150,121,108,140,135,138,198,174,183,183,155,238,210,220,164,284,159,188,245,261,290,281,209,225,191,178,165,184,119,156,270,215,233,201,128,199,167,201
394705,34,"Indianapolis, IN",msa,IN,282,317,314,253,222,202,163,162,156,182,198,211,113,134,187,221,209,223,208,223,182,187,224,248,128,188,279,219,179,257,264,281,294,273,264,297,199,258,270,300,310,294,235,222,231,219,330,438,244,272,340,286,387,422,336,374,396,341,355,416,231,272,409,400,433,409,350,345,327,275
394475,35,"Cleveland, OH",msa,OH,102,80,100,82,117,93,86,86,77,88,64,93,94,68,95,98,125,98,96,82,53,83,64,57,48,47,83,62,45,71,72,76,46,87,78,84,47,57,76,70,64,105,78,85,94,88,110,122,87,104,120,106,109,92,77,94,90,74,81,88,48,72,74,68,66,78,60,60,69,68
395059,36,"San Jose, CA",msa,CA,130,155,157,126,171,129,94,128,89,117,146,67,90,139,212,145,146,127,95,87,67,86,90,95,44,58,49,18,33,39,60,47,68,64,80,74,41,61,119,95,66,77,38,53,61,91,72,172,30,67,78,71,33,66,47,37,33,45,34,52,16,19,50,46,53,52,32,35,45,37
394902,37,"Nashville, TN",msa,TN,976,1000,1257,1205,1130,1176,1081,1114,809,795,577,626,539,624,810,887,864,809,787,649,609,585,530,669,458,522,743,582,643,827,902,913,884,835,728,995,910,982,1367,1387,1223,1342,1250,1190,1024,1186,1129,1512,799,993,1246,1116,1149,1230,905,1063,1117,829,751,957,559,662,972,897,1212,1132,968,1074,877,860
395194,38,"Virginia Beach, VA",msa,VA,213,288,330,316,326,336,322,279,236,240,168,173,173,220,230,216,268,220,193,185,158,179,160,208,154,186,236,186,221,238,271,221,170,204,191,198,154,129,,367,308,336,340,326,266,290,255,462,289,306,404,341,277,287,225,229,234,238,184,261,177,245,289,211,257,237,188,215,177,168
395005,39,"Providence, RI",msa,RI,74,65,90,92,92,88,73,68,63,63,69,56,53,50,79,81,91,84,50,80,58,81,74,67,58,62,65,52,67,77,96,86,105,106,111,114,91,70,110,111,102,97,90,91,103,86,113,128,89,91,103,83,82,98,93,90,88,104,73,87,66,57,79,62,100,92,76,61,68,57
394714,40,"Jacksonville, FL",msa,FL,451,467,647,556,650,650,491,556,533,518,661,697,467,581,606,490,567,593,442,483,471,389,431,610,392,392,583,504,471,677,616,560,653,556,614,627,415,472,663,490,565,642,470,549,510,575,556,841,532,656,659,597,635,759,538,585,408,639,546,650,421,558,700,710,727,738,587,596,560,550
394862,41,"Milwaukee, WI",msa,WI,36,23,45,33,43,44,24,38,13,20,32,17,19,21,10,47,74,46,45,37,35,30,26,38,26,27,51,72,48,58,83,50,47,60,45,33,28,29,61,63,55,85,64,80,67,56,72,78,51,51,74,78,73,73,72,52,69,53,54,66,36,53,68,63,84,96,75,65,63,62
394935,42,"Oklahoma City, OK",msa,OK,170,163,253,273,291,219,216,193,174,189,134,144,131,208,256,222,262,226,227,205,173,188,175,208,162,228,259,245,256,368,372,358,364,296,264,345,240,272,450,457,403,409,315,363,334,332,348,514,354,378,486,457,488,422,372,353,340,320,306,276,202,268,359,364,373,388,297,315,280,292
395012,43,"Raleigh, NC",msa,NC,414,463,791,756,817,549,525,606,445,440,515,559,310,410,495,551,528,440,452,467,357,361,337,449,358,434,566,534,583,624,668,603,543,618,479,630,615,639,775,738,719,723,532,618,591,614,612,963,494,660,700,673,705,677,621,681,562,494,576,593,390,510,707,640,643,592,517,571,519,486
394849,44,"Memphis, TN",msa,TN,84,113,153,121,110,105,87,85,86,70,56,75,54,70,77,74,67,73,73,61,75,74,69,84,56,76,65,94,45,86,118,82,100,110,66,88,68,61,130,125,111,109,122,130,130,189,191,221,158,191,240,202,204,227,175,176,176,148,154,157,109,131,199,169,177,191,128,170,142,129
395022,45,"Richmond, VA",msa,VA,299,305,393,341,369,389,301,333,240,241,259,277,202,227,288,251,307,299,249,253,191,224,185,317,200,243,305,210,250,311,342,323,326,298,270,353,221,267,408,382,349,400,340,341,301,321,341,490,324,336,417,353,310,356,277,308,258,232,219,287,136,235,303,213,213,234,213,216,227,244
394807,46,"Louisville, KY",msa,KY,134,112,144,149,184,125,80,114,92,95,98,92,80,79,98,90,103,110,114,112,75,90,85,103,57,78,112,94,103,124,152,125,105,132,98,108,96,99,151,134,141,132,150,149,150,168,142,211,128,154,187,167,199,172,160,144,145,106,122,121,73,114,185,148,192,144,120,134,109,100
394910,47,"New Orleans, LA",msa,LA,83,74,97,108,111,88,117,100,74,69,53,40,53,66,54,74,86,103,93,92,75,87,62,72,88,79,91,88,103,126,148,137,125,106,90,99,73,82,106,123,122,137,103,81,67,104,114,114,112,128,152,144,163,154,125,184,258,227,187,196,166,180,254,259,281,307,255,251,209,182
395053,48,"Salt Lake City, UT",msa,UT,205,173,234,174,142,109,74,71,56,101,61,75,14,39,36,43,51,41,53,42,46,57,51,78,60,55,68,44,51,59,66,96,72,81,69,101,135,131,188,161,190,238,221,169,185,181,158,252,164,173,191,161,144,151,117,131,104,95,80,126,100,109,192,164,154,152,129,144,132,129
394669,49,"Hartford, CT",msa,CT,43,28,35,55,46,53,47,45,31,41,38,38,34,32,54,62,64,57,46,44,49,46,35,42,18,25,42,42,50,36,78,80,72,73,47,69,59,43,51,44,40,47,42,66,38,55,44,59,37,36,44,50,35,37,37,35,36,25,35,31,30,23,37,25,32,36,23,30,24,22
394425,50,"Buffalo, NY",msa,NY,,,,,,,,,,,,,,,,,,,,,,,,,,,,,,,,,,,,,,,,,,,,,,,,,,,,,,,,,,,,,,,,7,16,14,13,16,11,21
394388,51,"Birmingham, AL",msa,AL,102,132,113,126,103,112,93,80,93,66,69,63,44,44,61,59,77,87,86,72,106,75,86,117,85,81,154,99,87,182,188,157,187,147,113,181,179,237,271,273,210,262,188,248,228,227,211,302,156,181,275,201,233,227,152,163,203,159,157,170,98,156,229,181,199,207,180,191,197,169
395031,52,"Rochester, NY",msa,NY,51,51,67,41,57,49,40,45,36,30,25,37,21,15,16,36,30,24,34,26,24,15,26,18,12,9,24,17,17,20,21,22,35,29,31,35,17,19,22,30,31,17,17,22,20,19,17,22,17,21,22,23,21,24,21,28,19,23,10,18,11,5,,19,15,33,10,23,13,9
394640,53,"Grand Rapids, MI",msa,MI,168,154,174,154,186,156,135,173,105,132,99,94,101,96,114,136,134,131,115,95,87,102,87,66,72,72,118,60,59,124,145,118,134,161,118,133,109,119,153,125,150,130,115,115,142,149,111,125,102,120,138,109,123,115,115,101,103,81,90,85,68,83,123,102,97,108,110,92,91,98
395167,54,"Tucson, AZ",msa,AZ,134,160,190,163,200,145,75,88,62,63,74,85,47,58,83,249,246,119,71,110,102,95,114,114,58,103,96,80,88,131,77,85,79,90,109,119,70,100,127,116,126,132,97,77,107,87,97,146,79,96,121,119,147,127,120,138,150,84,117,125,81,135,169,167,173,168,161,145,148,142
753924,55,"Urban Honolulu, HI",msa,HI,,,,,,,,,,,,,,,,,,,,,,,,,,,9,7,5,6,8,14,6,13,7,7,8,9,7,8,8,10,14,5,6,,25,24,27,21,22,22,21,12,14,14,,56,20,30,16,17,31,22,16,29,16,7,23,26
395169,56,"Tulsa, OK",msa,OK,147,141,181,174,174,147,154,129,109,114,143,130,125,125,185,162,144,103,143,123,117,129,139,129,94,87,109,99,145,131,159,178,147,162,113,138,108,103,188,241,167,148,155,206,186,192,189,258,137,187,228,168,183,170,147,146,143,142,128,121,97,92,126,124,164,151,101,105,126,118
394619,57,"Fresno, CA",msa,CA,93,156,148,123,86,63,43,71,31,45,60,45,37,40,65,49,47,51,30,44,34,41,42,44,21,21,37,28,27,47,42,38,31,21,26,33,7,11,21,21,20,14,16,53,39,36,34,53,27,26,41,41,32,38,28,49,70,38,48,66,42,48,87,79,83,83,38,44,54,46
395238,58,"Worcester, MA",msa,MA,42,47,74,46,53,63,61,69,55,55,47,49,55,55,55,49,75,43,44,61,37,58,69,45,55,38,41,68,52,83,75,97,83,80,78,94,56,63,74,67,70,78,74,81,60,76,53,83,48,44,67,52,72,95,69,64,65,57,46,79,53,36,54,45,64,82,40,76,50,57
394938,59,"Omaha, NE",msa,NE,164,165,176,200,218,176,147,169,134,125,95,103,95,117,139,160,180,174,123,125,81,87,98,93,67,87,108,117,111,161,162,179,193,195,180,175,166,147,173,154,161,156,152,142,137,153,140,162,121,144,170,169,166,177,129,146,130,138,133,114,87,96,199,150,203,203,147,168,152,127
394415,60,"Bridgeport, CT",msa,CT,37,67,39,51,52,70,78,65,43,42,57,45,38,33,48,47,50,59,53,55,34,56,57,57,57,35,42,44,67,57,89,90,91,105,94,105,69,61,79,60,42,62,47,55,53,55,48,56,36,35,41,45,52,60,47,36,38,39,41,39,21,23,32,39,31,40,27,43,26,34
394653,61,"Greenville, SC",msa,SC,280,297,395,358,304,328,295,303,269,193,143,171,145,224,235,165,156,218,146,155,184,151,190,224,137,178,253,204,290,306,260,259,267,218,186,267,263,325,409,383,452,452,348,363,326,242,295,462,302,313,397,274,347,389,229,256,271,232,238,358,171,275,379,256,378,362,262,307,319,251
394312,62,"Albuquerque, NM",msa,NM,50,36,45,40,38,33,44,67,70,67,67,50,39,43,68,45,46,54,46,57,35,46,49,68,31,42,56,52,58,69,79,74,73,91,69,89,50,53,104,87,89,76,72,65,80,74,50,104,78,61,75,87,78,54,55,53,56,57,48,57,49,65,111,69,92,103,77,112,79,68
394357,63,"Bakersfield, CA",msa,CA,102,106,155,129,139,118,105,111,97,97,98,87,85,102,103,97,83,79,76,29,29,43,30,28,18,28,27,29,24,22,36,38,52,60,44,58,71,36,66,87,61,69,55,44,33,43,45,101,75,81,114,85,80,45,53,80,70,74,56,92,35,45,76,57,71,73,49,54,50,61
394308,64,"Albany, NY",msa,NY,22,22,36,44,32,36,35,27,25,26,18,19,17,19,20,14,11,19,15,30,15,18,21,23,16,13,17,15,14,28,19,30,21,20,32,39,24,49,38,67,44,52,68,72,64,60,66,80,46,46,38,43,36,36,36,38,50,30,41,34,28,22,31,23,29,17,18,26,19,28
394753,65,"Knoxville, TN",msa,TN,138,178,216,288,289,255,274,254,176,191,170,182,126,135,205,165,195,164,163,150,142,163,134,142,126,110,169,145,141,187,208,219,182,189,188,169,145,166,230,200,180,219,171,191,172,204,218,258,171,167,179,179,186,190,156,175,195,171,167,169,119,129,212,132,197,176,150,155,155,156
394367,66,"Baton Rouge, LA",msa,LA,94,66,81,63,65,60,56,56,58,69,50,51,42,47,64,58,58,69,56,76,99,122,92,114,75,116,134,115,117,150,201,181,178,182,183,196,177,175,255,230,274,252,214,187,162,174,208,267,188,237,279,213,232,223,186,200,180,194,153,186,107,124,171,163,159,182,126,151,128,117
394843,67,"McAllen, TX",msa,TX,40,59,64,52,61,38,30,36,20,13,52,41,53,25,53,54,60,44,52,52,33,29,35,40,22,42,45,30,40,47,43,31,45,30,24,28,25,31,51,46,45,63,48,43,53,49,43,55,54,55,102,94,81,72,53,63,64,72,53,62,56,70,93,102,99,114,84,91,79,56
394908,68,"New Haven, CT",msa,CT,25,25,25,43,52,50,26,36,33,39,34,21,22,28,36,34,35,41,44,36,20,26,27,35,22,20,25,19,26,30,40,48,62,51,34,29,26,25,32,25,39,26,41,40,44,44,35,46,24,26,29,33,27,27,20,31,20,27,20,24,15,13,31,18,21,20,20,22,20,23
394561,69,"El Paso, TX",msa,TX,152,156,227,231,217,233,226,191,138,156,183,225,110,85,125,140,132,122,127,129,97,105,112,124,74,68,80,101,101,119,112,135,141,160,146,205,112,116,159,159,129,137,134,177,124,132,135,236,122,138,161,173,196,159,133,186,223,160,171,217,171,166,201,229,179,208,178,217,135,152
394318,70,"Allentown, PA",msa,PA,38,36,51,45,28,32,43,31,30,21,28,17,29,27,46,39,36,48,34,50,28,41,36,27,18,18,27,23,30,25,37,44,38,51,57,51,43,34,42,59,49,63,55,61,60,55,55,83,59,50,76,54,50,65,71,58,46,56,65,62,44,40,69,67,56,53,42,49,39,42
394486,72,"Columbia, SC",msa,SC,161,184,230,203,223,222,178,193,156,126,81,107,83,129,118,145,226,143,115,127,129,133,116,117,92,106,123,141,152,165,140,175,143,174,117,198,113,141,238,216,194,226,176,198,222,174,168,296,157,166,251,213,259,227,174,204,211,158,155,195,132,136,222,202,266,407,234,258,161,165
753906,73,"North Port, FL",msa,FL,291,201,261,188,240,220,193,246,243,226,226,292,210,230,197,176,238,208,196,205,209,188,225,234,148,188,256,195,209,321,303,321,304,316,293,350,228,278,400,327,320,328,268,261,218,246,223,387,220,209,234,230,321,301,255,295,174,233,229,335,198,274,432,345,492,447,416,390,389,369
845158,74,"Dayton, OH",msa,OH,58,37,51,33,29,28,26,19,24,28,34,14,12,10,20,8,9,16,9,11,9,15,13,10,9,15,18,21,24,23,25,22,33,21,19,21,19,14,23,26,28,30,21,19,23,24,31,62,39,36,50,33,49,46,52,48,34,28,17,52,26,39,64,45,36,37,39,35,36,35
394457,75,"Charleston, SC",msa,SC,189,200,279,173,180,213,157,223,168,160,237,208,155,190,205,181,189,239,201,192,156,144,159,189,145,191,245,187,211,273,263,243,267,238,253,272,180,256,363,352,371,374,324,415,298,354,291,468,284,333,426,371,375,432,356,361,369,299,350,355,252,287,408,335,392,367,293,418,342,348
394648,76,"Greensboro, NC",msa,NC,118,138,161,157,167,182,178,150,115,150,147,130,102,105,105,134,129,128,115,126,97,106,90,114,96,80,119,109,111,120,135,120,125,120,90,102,101,101,189,133,136,168,121,100,135,107,151,233,155,151,189,160,111,119,121,136,143,111,130,117,85,95,127,107,132,127,118,99,93,75
395134,77,"Stockton, CA",msa,CA,86,114,157,95,123,106,69,57,42,61,71,56,98,142,193,143,128,111,67,44,33,45,54,63,49,50,46,40,30,43,52,50,46,47,39,34,20,30,36,28,33,29,22,25,40,46,29,,36,72,77,52,68,55,50,44,40,33,46,62,30,52,62,50,47,31,27,30,25,33
394440,78,"Cape Coral, FL",msa,FL,324,339,452,340,395,413,392,431,295,245,356,261,262,365,292,238,341,323,291,282,283,270,301,302,240,214,319,225,241,298,312,324,287,331,269,324,256,289,370,369,368,357,335,247,263,251,301,290,292,346,446,404,362,397,312,329,258,236,297,299,346,345,434,437,410,411,396,436,423,346
394399,79,"Boise City, ID",msa,ID,234,310,378,339,438,447,401,419,290,322,243,233,224,266,300,344,354,300,255,244,199,199,212,250,330,322,410,272,210,293,380,465,410,354,268,274,308,285,567,541,475,457,504,430,500,490,445,720,436,499,518,473,487,421,356,392,355,381,300,395,353,462,570,444,387,395,327,341,283,303
394484,80,"Colorado Springs, CO",msa,CO,218,258,318,283,257,169,127,124,101,96,89,113,66,81,100,80,116,112,82,107,100,104,97,129,89,86,100,111,75,102,115,190,194,245,149,167,138,162,200,206,161,180,140,137,143,155,147,227,133,153,223,218,202,189,159,124,126,81,87,100,69,51,111,118,125,132,100,86,100,102
394798,81,"Little Rock, AR",msa,AR,97,90,129,111,98,75,66,67,46,96,96,77,61,80,85,58,79,52,74,80,55,60,61,74,46,81,92,71,93,111,110,102,110,130,78,107,85,104,129,121,135,151,166,185,189,182,141,178,114,132,179,150,171,150,147,176,145,157,131,131,89,134,193,180,201,185,143,148,129,112
394766,82,"Lakeland, FL",msa,FL,357,220,281,278,285,281,246,279,211,308,289,209,128,175,193,261,234,229,189,188,203,241,229,252,146,177,233,176,159,255,271,244,241,228,216,284,263,269,332,358,281,263,222,255,204,223,241,321,192,295,288,229,338,370,325,376,251,339,310,371,254,362,407,379,330,314,304,369,339,314
394304,83,"Akron, OH",msa,OH,33,36,38,26,28,26,24,31,22,28,41,22,18,25,40,26,17,32,23,16,13,16,12,13,8,6,14,14,13,16,17,16,14,29,28,12,13,10,12,12,19,26,26,23,22,25,30,34,42,44,35,34,49,51,41,39,36,48,30,33,7,18,10,24,23,22,15,14,22,15
394531,84,"Des Moines, IA",msa,IA,172,149,270,325,379,373,306,303,248,234,225,194,121,112,188,241,290,265,220,225,197,204,172,179,121,156,187,244,288,383,375,387,327,343,278,332,183,164,295,317,321,323,347,369,339,304,279,343,255,223,375,344,378,370,276,240,273,196,153,188,118,139,240,237,273,284,232,210,174,164
395115,85,"Springfield, MA",msa,MA,24,14,12,16,21,28,16,15,17,13,14,14,10,12,15,16,17,15,14,20,10,10,10,15,5,5,11,12,19,24,22,19,18,29,18,25,24,25,14,10,15,23,13,18,23,17,28,21,8,13,12,21,15,14,20,10,19,19,25,13,10,9,12,16,17,18,12,11,19,8
845159,86,"Poughkeepsie, NY",msa,NY,,,,,,,,,,,,,,,,,,,,,,,,,,,,,,,,,,,,,,,,,,,,,,,,,,,,,,,,,5,8,5,7,7,13,19,19,13,,21,19,25,20
394931,87,"Ogden, UT",msa,UT,68,73,113,104,107,105,86,88,73,70,61,56,35,56,69,41,64,49,48,53,34,50,46,57,36,52,78,67,58,89,78,83,70,62,66,44,48,101,102,81,83,90,76,68,100,86,78,134,90,134,153,123,130,132,90,106,122,79,48,102,60,97,148,122,138,152,108,97,62,96
394816,88,"Madison, WI",msa,WI,74,80,108,88,96,104,78,69,60,40,33,43,32,49,72,38,63,59,67,59,29,28,52,42,23,31,52,60,73,71,81,82,82,76,76,71,52,68,89,56,94,68,73,75,87,80,69,78,107,101,136,90,90,88,124,100,84,71,71,58,43,65,85,88,81,103,67,81,66,60
395235,89,"Winston, NC",msa,NC,112,127,149,135,129,144,83,129,80,95,97,123,73,84,66,71,97,129,120,88,97,109,102,106,82,108,115,116,102,138,158,165,145,132,129,161,139,119,145,151,149,157,133,126,110,99,99,111,88,90,155,105,102,126,91,114,115,102,116,176,124,108,167,139,168,177,154,160,124,118
394528,90,"Deltona, FL",msa,FL,138,113,103,98,112,109,83,101,81,75,132,164,94,95,98,121,111,117,123,103,97,101,98,152,84,75,158,112,126,207,194,143,158,157,153,192,166,207,242,243,195,236,161,176,189,183,132,221,153,158,218,200,240,215,211,235,195,249,153,221,163,230,298,241,273,306,250,249,241,213
395006,92,"Provo, UT",msa,UT,122,166,163,129,134,112,101,94,82,86,64,53,43,34,45,65,71,55,62,67,66,69,76,93,52,54,114,113,95,124,147,134,123,112,84,98,154,166,251,241,216,271,238,276,249,286,258,337,217,225,325,262,284,314,284,328,397,203,201,282,196,287,352,316,292,262,206,214,200,191
395160,93,"Toledo, OH",msa,OH,26,22,24,29,32,28,22,22,21,14,15,6,10,13,20,14,31,22,17,20,24,19,19,20,14,16,19,15,16,36,35,39,20,25,32,26,22,11,33,25,29,15,29,28,23,33,29,25,29,15,28,28,24,25,23,21,34,18,12,19,16,11,21,15,11,25,16,14,21,22
395224,94,"Wichita, KS",msa,KS,,,,,,,,,,,,,,,,,,,,,,,,,,,,,,,,,,,,,,,,,,,,,,,,,,,,,,,,,,,,,,,,,,,,,5,5
394549,95,"Durham, NC",msa,NC,144,201,229,162,153,123,179,196,96,81,128,152,82,119,115,99,105,110,104,97,82,108,108,145,101,130,116,127,124,142,137,142,146,136,159,191,200,189,223,203,213,250,223,225,184,223,272,346,189,171,207,199,173,230,234,221,208,199,204,204,166,168,261,226,262,210,153,142,141,123
394352,96,"Augusta, GA",msa,GA,222,214,221,185,213,193,185,183,121,111,122,107,123,115,149,164,162,216,206,137,110,112,95,123,99,124,137,180,159,202,187,194,189,201,158,198,157,193,214,228,235,246,226,209,247,206,201,286,184,211,292,242,222,274,188,226,204,196,155,209,121,136,190,173,203,215,176,182,153,149
394957,97,"Palm Bay, FL",msa,FL,106,74,83,76,88,82,67,56,61,139,132,146,107,106,97,67,73,68,87,69,61,45,66,68,58,74,87,77,71,141,145,143,124,136,120,155,142,141,227,161,159,169,134,178,144,142,140,148,109,144,146,139,154,220,169,187,198,230,190,222,171,200,211,205,217,248,177,230,210,201
394711,98,"Jackson, MS",msa,MS,50,38,58,53,77,74,52,50,44,48,38,37,33,28,42,39,44,34,40,24,24,32,21,24,26,29,44,32,34,53,49,61,65,76,69,58,51,58,61,64,78,62,58,53,51,46,56,63,39,49,72,73,77,64,54,60,46,46,25,49,28,48,68,57,61,50,69,68,58,43
394666,99,"Harrisburg, PA",msa,PA,30,29,45,36,42,55,33,37,35,32,30,37,24,27,49,45,49,30,43,48,20,35,31,37,24,25,39,43,28,35,64,78,49,59,44,58,44,75,59,101,66,84,55,73,54,67,58,88,48,67,72,86,77,81,68,91,65,54,73,71,40,30,57,42,50,67,40,52,38,46
395113,100,"Spokane, WA",msa,WA,71,79,95,95,74,71,66,59,53,78,50,45,49,46,86,88,78,93,61,44,71,62,48,49,54,63,60,44,31,39,71,43,85,97,89,83,74,100,111,118,121,108,121,97,116,92,77,126,81,77,119,98,100,86,73,65,74,62,57,69,43,44,70,69,70,75,28,63,46,40
394460,102,"Chattanooga, TN",msa,TN,125,121,152,156,164,137,110,140,79,106,112,109,87,102,110,102,120,90,75,75,97,66,79,115,70,64,71,79,70,101,114,124,103,96,81,98,88,91,107,101,122,113,109,96,87,115,116,179,102,123,121,137,120,159,101,84,94,74,72,92,64,87,122,122,125,98,97,105,81,80
394768,104,"Lancaster, PA",msa,PA,38,26,36,33,74,59,57,61,45,50,43,35,22,27,51,45,28,45,33,32,35,25,26,31,24,18,35,31,21,32,37,28,47,27,36,37,27,37,45,39,33,35,48,34,29,27,27,50,35,25,44,45,33,36,28,38,48,34,23,18,21,16,31,19,31,28,28,35,27,30
394997,105,"Portland, ME",msa,ME,66,65,75,78,52,85,73,63,47,53,46,38,25,33,54,45,45,48,36,46,38,41,31,50,27,28,51,35,39,46,52,69,61,59,74,64,65,40,69,85,68,102,75,70,79,91,96,113,74,58,72,89,66,77,66,73,86,82,72,84,65,49,54,56,63,67,60,60,46,58
395245,106,"Youngstown, OH",msa,OH,,,,,,,,,,,,,,,,,,,,,,,,,,,,,,,,,,,,,,,,,,,,,,,,,,,,,,,,,,,,,,,5,7,5,5,7,8,10,6
394590,108,"Fayetteville, AR",msa,AR,155,176,223,219,261,237,159,172,156,179,169,147,80,76,124,144,172,131,151,154,114,111,79,135,94,81,125,144,131,169,135,151,134,127,118,151,166,176,221,229,252,290,273,280,245,233,268,317,190,181,263,236,224,235,231,273,263,220,162,227,109,192,268,269,299,352,253,335,287,248
394589,109,"Fayetteville, NC",msa,NC,138,103,137,151,158,141,132,147,64,104,94,97,76,74,97,139,137,144,144,132,130,113,102,147,122,131,159,156,142,217,179,161,128,125,166,153,157,170,168,151,129,115,129,149,155,146,135,158,103,128,183,147,151,131,141,170,178,174,172,162,111,172,270,210,233,240,174,156,144,148
394792,110,"Lexington, KY",msa,KY,50,43,53,60,45,50,46,42,37,39,40,31,32,34,42,42,36,30,47,43,34,32,25,29,23,25,34,33,25,34,30,38,42,25,22,26,17,13,19,,47,71,59,56,43,75,66,71,51,45,49,73,70,73,48,70,54,63,41,52,29,44,66,50,67,58,51,48,55,57
394971,111,"Pensacola, FL",msa,FL,107,90,115,73,91,98,81,82,75,69,72,70,65,154,130,89,100,92,105,82,90,95,96,101,66,73,98,100,98,114,140,131,124,131,125,150,154,145,219,221,240,265,199,203,177,197,206,293,195,253,271,255,243,307,221,235,318,219,160,240,181,180,254,224,261,305,193,180,222,143
395068,112,"Santa Rosa, CA",msa,CA,18,29,53,30,43,37,40,34,31,31,30,47,28,34,38,44,39,38,35,30,20,22,28,38,23,30,24,20,11,25,32,33,35,28,24,16,11,16,23,26,24,38,30,43,25,26,32,47,37,24,27,25,22,24,21,28,34,23,16,16,8,14,22,17,18,20,11,15,13,18
395019,113,"Reno, NV",msa,NV,133,119,154,136,172,142,158,183,143,155,153,104,112,50,49,73,70,60,53,77,60,71,59,44,28,109,119,81,82,95,146,83,95,99,102,81,140,77,85,78,72,51,84,59,32,94,53,169,135,125,107,110,78,66,69,77,67,77,47,64,43,58,74,76,76,82,49,57,61,48
394698,114,"Huntsville, AL",msa,AL,123,116,159,148,174,176,171,142,109,100,103,67,51,73,98,82,84,89,87,72,61,77,73,110,80,75,108,110,98,114,122,108,107,96,88,123,156,200,275,233,192,212,196,186,199,185,179,241,127,192,274,216,189,212,173,159,189,153,175,250,142,157,228,243,246,241,173,152,192,123
394995,115,"Port St. Lucie, FL",msa,FL,160,130,176,167,183,157,164,158,141,168,134,99,121,95,111,116,123,136,97,101,105,139,108,130,75,82,100,102,97,140,137,161,130,147,111,173,164,144,189,154,152,174,136,125,139,114,139,239,153,220,247,229,203,203,145,205,210,191,156,191,122,161,179,209,199,185,170,190,175,141
394761,116,"Lafayette, LA",msa,LA,13,14,28,29,46,33,37,37,30,30,19,27,17,23,33,34,38,27,33,28,34,32,29,30,39,40,37,31,48,59,71,53,44,35,41,66,33,70,74,85,69,84,71,74,46,60,66,114,80,92,89,104,92,84,63,73,89,55,69,87,52,66,91,101,114,93,60,67,51,53
394898,117,"Myrtle Beach, SC",msa,SC,303,291,365,301,296,296,259,350,132,293,175,156,140,147,211,190,222,236,256,216,243,278,279,286,217,228,331,288,240,362,417,402,422,384,373,438,384,398,562,555,499,610,498,476,487,477,479,610,396,470,707,586,617,655,561,629,608,531,547,596,421,523,722,617,715,732,631,705,557,576
395116,118,"Springfield, MO",msa,MO,44,44,50,48,65,43,41,25,31,36,19,18,9,14,31,41,46,38,41,38,41,33,35,28,24,27,38,40,36,40,38,32,48,55,52,39,53,38,65,57,55,89,75,75,66,61,80,74,52,59,77,66,79,99,62,73,54,68,49,43,35,40,58,84,74,72,45,60,50,61
395195,119,"Visalia, CA",msa,CA,32,35,42,39,23,18,15,27,28,18,37,31,27,23,24,22,47,30,22,22,15,25,24,31,15,13,19,16,22,29,26,28,21,14,10,9,13,13,20,13,13,6,10,13,14,30,29,26,29,25,32,35,23,53,57,35,66,25,34,49,29,28,67,46,49,36,33,46,37,30
394746,120,"Killeen, TX",msa,TX,42,49,74,71,64,61,48,58,55,42,35,53,46,45,74,80,62,72,70,71,69,68,62,70,59,83,92,108,126,146,153,103,84,91,76,90,68,65,109,95,61,91,95,111,102,64,95,131,74,75,134,110,120,132,123,103,131,84,83,110,95,107,140,110,170,177,102,112,76,98
394338,121,"Asheville, NC",msa,NC,44,74,67,87,74,48,76,71,64,57,55,74,58,60,58,48,60,57,46,62,59,52,66,60,50,55,63,50,51,76,81,91,79,94,77,76,65,63,79,101,69,82,94,74,83,82,93,120,73,66,128,83,89,115,92,106,129,80,77,80,48,61,114,95,109,76,96,80,106,80
395244,122,"York, PA",msa,PA,29,31,42,24,28,30,27,30,21,30,22,18,42,36,44,53,45,33,35,25,29,38,20,26,21,18,24,27,33,21,26,62,58,59,43,52,65,56,52,84,69,51,58,62,63,61,53,58,54,55,84,48,59,81,59,67,70,50,44,54,27,33,58,41,44,47,44,50,27,32
395183,123,"Vallejo, CA",msa,CA,,,,,,,,,,,,,,,,,,,,,,,,,,,,,,,,,,,,,,12,12,7,8,15,15,12,20,24,7,25,19,16,33,21,26,21,13,23,19,28,27,58,29,28,50,41,37,63,30,31,23,22
395050,125,"Salinas, CA",msa,CA,,,,,,,,,,,,,,,,,,,,,,,,,,,,,,,,,,,,,,,,,,,,,,,,,,,,,,,,,,,,,,,,,,,,,,10
395048,126,"Salem, OR",msa,OR,45,62,52,59,34,65,59,40,36,45,35,33,36,41,52,68,72,84,82,75,70,69,40,64,43,54,64,68,53,64,72,53,50,70,91,93,46,60,64,73,50,108,73,98,79,71,65,63,36,40,58,62,76,64,40,44,51,44,46,54,42,62,68,48,63,72,44,51,41,31
394870,127,"Mobile, AL",msa,AL,,,,,,,,,,,,,,,,,,,,,,,,,,,,,,,,,,,,,,,,,,,,,,,,,,,,,,,,,,,,,,,,,,,,,6,
395015,128,"Reading, PA",msa,PA,,,,,,,,,,,,,,,,,,,,,,,,,,,,,9,9,16,12,20,21,10,18,14,21,26,21,26,21,31,23,25,28,25,32,22,15,23,22,14,26,22,20,23,28,17,16,13,9,18,24,22,23,24,12,9,13
394502,129,"Corpus Christi, TX",msa,TX,53,48,65,46,49,58,36,72,48,42,42,47,34,36,43,40,45,57,53,41,29,44,32,35,22,30,49,34,38,47,51,35,32,33,27,42,21,27,65,49,73,71,35,49,30,48,24,62,46,51,72,64,65,62,54,88,83,63,54,78,65,65,96,66,73,67,46,49,29,36
394421,130,"Brownsville, TX",msa,TX,,,,,,,,,,,,,,,,,,,,,,,,,,,,,,,,,,,,,,,,,,,,,,,,,,,,,,,,,,,,,,,,,,,,,,6
394612,132,"Fort Wayne, IN",msa,IN,42,34,55,43,56,42,26,39,23,35,24,18,5,9,21,16,48,40,35,28,33,29,24,30,17,19,27,29,35,63,61,51,58,45,28,27,21,33,53,47,67,31,43,37,30,47,43,67,31,48,74,60,76,48,34,42,40,37,39,36,11,36,65,48,67,50,40,53,42,38
394658,133,"Gulfport, MS",msa,MS,26,28,37,24,30,36,23,24,27,23,25,24,23,35,27,44,47,36,31,31,42,34,35,37,25,29,51,36,56,60,54,54,65,53,60,72,56,75,82,91,97,87,97,71,84,65,76,94,76,88,108,83,111,104,80,68,107,82,79,75,53,63,83,89,105,97,69,76,99,66
395051,134,"Salisbury, MD",msa,DE,204,159,166,149,130,148,98,102,80,84,83,62,37,49,87,63,73,63,77,61,63,70,54,76,52,66,64,49,75,106,114,156,158,153,158,139,98,136,151,150,186,150,147,166,146,181,189,254,184,193,215,190,165,136,141,176,124,103,127,120,68,111,152,114,149,151,109,146,194,118
394596,135,"Flint, MI",msa,MI,27,29,36,36,18,34,22,25,30,20,20,25,19,23,44,31,29,29,24,19,22,29,28,28,24,12,16,14,13,21,32,22,34,31,25,28,20,18,44,29,27,27,21,19,17,21,15,23,27,14,20,17,28,16,25,20,16,9,21,13,7,22,22,15,15,24,10,10,21,10
395070,138,"Savannah, GA",msa,GA,90,131,141,161,142,124,131,99,79,84,66,72,58,53,67,86,102,84,102,90,70,77,83,96,63,79,105,80,90,107,120,135,112,122,94,125,93,92,147,187,133,156,148,143,157,171,143,202,141,164,198,151,139,209,123,146,181,157,126,151,115,130,165,159,235,238,166,189,138,152
394372,140,"Beaumont, TX",msa,TX,,,,,,,,,,,,,,,,,,,,,,,,,,,,,,,,,,,,,,,,,,9,8,10,9,8,11,19,11,9,24,21,24,20,12,13,16,13,17,13,12,17,17,11,22,19,15,12,14,13
395096,141,"Shreveport, LA",msa,LA,,,,,,,,,,,,,,,,,,,,,8,6,8,10,6,6,15,13,9,18,17,14,20,15,17,8,19,25,50,39,33,28,41,24,15,37,36,38,27,27,35,39,46,49,32,42,23,37,25,26,22,35,52,32,32,44,35,31,27,42
394875,143,"Montgomery, AL",msa,AL,30,24,49,37,32,39,35,31,21,14,17,22,8,23,27,18,35,25,24,27,28,22,21,24,16,22,21,21,28,31,55,32,39,42,50,60,48,35,72,64,60,62,70,48,44,47,50,76,54,68,75,76,82,88,80,63,70,70,65,57,19,30,37,54,72,77,72,65,49,54
394520,144,"Davenport, IA",msa,IL,,,,,,,,,,,,,,,,,,,,,,,,,,,,12,14,27,25,18,11,17,7,8,7,10,16,18,15,13,14,20,19,14,20,16,9,6,6,5,10,10,9,13,8,11,5,10,5,9,13,10,20,26,13,17,11,16
395146,145,"Tallahassee, FL",msa,FL,23,25,42,35,42,43,34,46,21,31,57,47,23,33,34,35,39,40,30,21,28,41,29,38,39,32,45,40,54,45,56,45,55,30,35,70,59,61,89,72,107,99,80,78,66,60,75,98,70,88,87,79,81,85,65,79,69,58,55,51,43,50,66,68,91,88,82,52,80,45
394576,146,"Eugene, OR",msa,OR,27,25,43,32,20,27,30,27,12,23,26,24,11,19,24,15,35,20,22,32,21,19,11,14,15,10,16,10,16,19,24,27,14,15,18,24,15,16,26,24,24,33,37,34,40,26,23,42,32,23,31,26,34,39,26,45,41,31,24,23,13,27,29,23,32,25,15,27,25,7
394901,147,"Naples, FL",msa,FL,228,175,184,165,216,225,165,188,165,175,175,174,114,82,122,101,134,111,110,85,83,97,114,130,64,60,114,78,84,128,120,152,124,121,114,139,85,112,160,106,130,126,110,104,97,83,120,153,96,91,131,91,105,85,67,72,68,95,78,108,59,77,137,118,136,109,88,95,80,91
394332,148,"Ann Arbor, MI",msa,MI,37,26,34,30,31,35,37,23,28,33,34,24,17,13,17,20,18,25,20,25,28,26,11,20,7,16,18,14,13,24,34,42,38,37,32,36,33,28,37,42,33,50,37,47,40,44,39,64,29,41,41,39,38,48,45,34,26,30,31,40,23,31,51,17,25,19,25,23,26,15
394927,149,"Ocala, FL",msa,FL,121,111,122,142,177,143,152,124,117,111,104,135,66,65,62,81,90,128,110,105,90,116,95,119,96,57,97,71,97,133,150,133,124,119,104,116,111,98,150,142,110,150,118,160,150,87,143,144,129,131,207,146,163,210,144,182,153,169,168,195,139,203,262,292,302,311,267,308,271,260
394679,150,"Hickory, NC",msa,NC,17,18,26,21,26,29,18,30,17,25,17,20,14,9,25,19,25,23,17,10,28,19,25,20,12,17,17,15,17,21,37,27,42,27,25,21,21,26,29,32,41,49,38,58,34,46,42,34,27,34,59,74,42,35,34,30,32,59,31,47,58,29,48,68,63,77,61,121,62,78
394602,152,"Fort Collins, CO",msa,CO,86,99,128,133,182,145,105,109,73,62,81,81,51,52,83,105,124,78,79,77,70,87,115,186,88,148,200,173,148,232,242,198,199,175,154,168,147,157,215,207,257,278,190,212,137,168,174,176,130,112,145,127,119,174,108,103,93,68,68,92,62,114,124,121,132,85,78,66,62,76
394796,154,"Lincoln, NE",msa,NE,74,64,91,84,73,88,63,56,41,47,32,24,24,20,39,48,51,31,32,42,34,36,43,31,30,28,35,45,55,62,62,57,55,73,49,50,29,47,60,65,68,62,72,62,55,67,54,80,62,68,78,83,82,75,64,67,62,59,39,50,35,36,50,52,58,60,61,50,40,31
394622,155,"Gainesville, FL",msa,FL,21,8,23,22,37,42,19,23,15,17,42,34,28,30,41,35,39,42,29,28,30,27,36,35,22,22,30,31,39,42,57,30,41,36,32,54,46,32,,60,55,98,67,46,63,45,58,63,39,50,76,58,64,56,70,64,45,55,47,55,42,41,56,44,63,83,67,42,36,38
394405,156,"Boulder, CO",msa,CO,82,72,86,71,78,97,67,92,72,72,97,106,71,69,93,93,116,83,80,73,69,53,44,50,28,40,57,18,41,71,65,57,41,50,25,46,37,20,32,39,21,28,22,19,48,38,40,23,17,21,12,15,14,13,7,29,28,21,16,15,6,8,24,10,18,20,22,21,21,39
394646,157,"Green Bay, WI",msa,WI,17,31,47,42,42,49,18,27,23,35,23,15,18,26,30,28,41,29,22,19,15,17,15,20,14,17,20,32,35,45,41,30,24,46,15,26,19,22,24,39,28,41,39,29,25,44,20,29,26,29,35,47,25,32,25,29,24,13,22,23,9,23,21,26,35,14,15,17,18,13
394488,158,"Columbus, GA",msa,GA,17,19,35,19,22,31,15,9,23,16,18,15,14,15,19,17,16,23,28,31,17,18,28,18,10,17,23,21,21,33,27,17,26,21,8,12,8,9,11,32,18,25,20,26,26,23,39,55,29,29,28,39,63,35,47,47,35,24,25,20,27,23,39,21,51,41,53,49,47,41
395107,159,"South Bend, IN",msa,IN,,,,,,,,,,,,,,,,,,,,14,10,7,6,10,11,6,9,6,5,24,17,9,11,16,10,17,6,12,13,12,16,28,17,17,12,10,14,14,8,9,5,9,16,18,15,24,14,17,8,8,8,7,11,15,18,9,18,14,8,12
395109,160,"Spartanburg, SC",msa,SC,130,132,144,131,145,148,131,131,112,102,106,106,92,116,127,134,136,149,144,134,116,108,115,118,86,95,110,113,121,124,147,162,153,126,114,112,124,133,182,187,149,197,165,169,198,161,150,252,182,155,226,174,151,183,193,214,277,155,185,228,117,152,253,173,201,217,136,204,173,158
394645,161,"Greeley, CO",msa,CO,137,211,257,240,305,262,236,220,233,216,210,234,144,172,223,213,308,239,210,178,208,203,141,156,82,147,207,145,128,195,208,211,179,187,157,221,159,166,293,240,240,226,250,223,265,180,250,291,181,216,254,227,175,205,116,141,167,125,137,172,103,132,157,119,130,130,104,95,95,80
394808,162,"Lubbock, TX",msa,TX,65,64,75,72,64,63,48,63,38,57,40,50,32,39,34,45,35,32,32,40,19,28,19,36,17,23,39,42,46,43,53,48,53,25,30,50,34,45,53,76,78,91,71,61,64,57,73,74,72,79,101,76,84,88,67,81,78,70,53,70,62,63,98,85,111,102,76,74,53,61
394471,163,"Clarksville, TN",msa,TN,148,139,182,184,162,150,123,118,96,119,62,55,63,60,76,81,88,86,76,63,70,97,69,59,74,57,93,171,157,178,195,211,163,155,176,174,163,190,238,186,173,181,198,210,184,150,149,203,149,181,245,199,185,204,144,107,74,51,45,70,41,60,82,97,138,143,91,90,66,79
394579,165,"Evansville, IN",msa,IN,25,27,22,22,23,8,19,18,11,19,14,12,10,15,13,19,18,14,7,20,10,10,15,12,9,11,14,16,10,19,21,14,18,10,20,19,14,15,23,18,23,18,21,13,22,16,9,20,8,14,16,16,23,21,26,25,25,23,16,19,7,11,23,19,19,16,19,25,22,21
394747,167,"Kingsport, TN",msa,TN,,,,,,,,,,,,,,,,,,,,,,,,,,,,,,,,,,,,,,,,,18,10,12,22,17,9,14,15,14,11,16,19,18,18,18,12,30,12,10,21,7,11,24,18,20,36,32,33,28,18
394741,168,"Kennewick, WA",msa,WA,84,62,86,70,74,62,61,67,34,32,68,45,53,47,43,57,67,70,60,60,53,50,47,37,27,32,55,34,30,33,36,27,54,87,61,72,72,61,84,95,136,108,88,73,65,80,53,55,62,97,119,87,104,88,80,56,53,37,31,41,30,45,50,67,68,71,59,64,57,53
394660,170,"Hagerstown, MD",msa,MD,32,18,37,22,30,37,16,20,15,20,15,16,16,20,20,20,21,29,32,34,25,30,21,30,18,20,28,34,38,35,39,47,30,41,37,24,38,39,46,41,37,44,37,47,44,48,41,71,39,42,74,55,55,56,48,60,36,37,36,52,29,45,47,64,66,57,60,58,69,78
394937,172,"Olympia, WA",msa,WA,44,70,92,63,77,102,75,76,91,88,80,71,29,94,60,58,47,45,50,49,44,33,29,43,21,30,33,14,24,22,41,22,22,15,13,17,33,36,51,,60,48,36,49,63,64,82,82,55,50,44,35,22,43,22,25,33,19,20,40,10,20,47,28,37,49,29,30,32,26
394803,173,"Longview, TX",msa,TX,,,,,,,,,,,,,,,,,,,,,,,,,,,,,,,,,,,,,,8,23,15,11,20,9,13,17,14,11,18,11,15,14,19,14,15,14,14,18,12,15,14,13,12,16,18,21,18,15,6,17,13
395229,174,"Wilmington, NC",msa,NC,94,113,166,129,135,134,75,129,32,108,86,48,39,44,69,52,76,89,80,85,55,72,68,102,68,78,99,82,102,161,159,144,131,125,127,151,97,118,201,143,147,137,136,137,116,112,129,198,117,124,153,148,124,137,139,108,107,100,115,126,83,94,117,105,133,129,117,130,98,113
395061,175,"San Luis Obispo, CA",msa,CA,31,11,33,23,39,34,29,28,28,14,15,16,10,12,25,22,26,25,20,16,19,25,26,20,21,24,28,13,16,19,24,33,25,30,21,29,21,27,36,17,16,24,18,24,22,12,14,13,11,14,11,7,10,7,16,9,9,13,12,10,7,7,14,8,17,7,12,10,5,12
753875,176,"Crestview, FL",msa,FL,91,85,94,88,113,64,60,46,58,77,72,77,52,73,77,71,84,74,61,59,60,62,59,67,41,50,59,47,56,113,119,116,102,91,80,110,125,162,195,171,192,217,217,180,226,201,176,255,169,174,241,184,181,234,179,184,184,145,122,178,101,144,266,176,179,193,154,173,160,144
395197,178,"Waco, TX",msa,TX,21,16,38,40,50,40,45,24,35,36,29,29,19,21,19,30,25,30,31,22,20,12,9,21,9,11,15,19,27,30,24,27,21,31,22,30,22,18,23,19,20,22,22,19,17,35,26,33,30,19,38,31,31,32,28,39,27,34,23,30,18,37,61,42,34,28,21,40,25,30
394447,179,"Cedar Rapids, IA",msa,IA,34,38,76,61,80,66,69,51,49,47,51,32,29,28,30,41,55,50,33,35,28,32,42,24,17,20,26,41,30,36,38,31,37,22,37,34,37,28,33,44,30,36,28,36,23,17,29,37,18,20,26,32,22,37,33,23,28,20,15,14,10,10,20,13,36,35,22,25,31,23
394348,180,"Atlantic City, NJ",msa,NJ,12,6,10,6,11,12,11,15,10,18,13,10,18,15,9,14,18,16,12,22,21,17,15,16,16,15,18,7,15,35,31,34,30,33,13,33,11,42,22,23,18,27,19,15,14,22,19,16,9,20,21,21,15,18,12,10,23,19,23,18,9,19,19,17,13,21,13,27,11,26
394412,181,"Bremerton, WA",msa,WA,59,39,43,36,44,41,32,31,31,29,29,37,37,50,58,50,69,48,46,57,44,42,39,69,27,29,47,18,23,46,41,35,48,47,39,49,29,26,74,61,40,47,43,67,59,55,62,60,61,64,63,58,52,53,24,51,74,38,62,58,24,75,60,44,67,75,47,55,54,46
395103,182,"Sioux Falls, SD",msa,SD,,,,,,,,,,,,,,,,,,,,,,,,,,,,,,,,,,,,,,,,,,,,,,,,,,,,,,,,,,,,,,,,,,,,,,8
394924,185,"Norwich, CT",msa,CT,,,,,,,,,,,,,,,,,,,,,,,,,,,,,,,,,,,,,,,,,,,,,,,,,,,,,,,,,,,,,,,,,,,9,11,14,10
394323,186,"Amarillo, TX",msa,TX,40,31,50,44,50,38,28,45,25,24,23,25,18,25,25,43,30,22,25,34,37,33,23,34,23,18,25,31,28,40,37,34,18,22,14,15,9,23,19,15,15,23,23,16,18,14,19,14,15,11,30,26,34,37,25,25,20,31,18,32,15,23,38,21,39,25,27,21,26,19
394772,187,"Laredo, TX",msa,TX,,,,,,,,,,,,,,,,,,,,,,,,,,,,,,,,,,,,,,,,,,,,,,,8,10,8,9,14,11,12,11,16,13,14,6,9,10,5,9,12,9,10,6,7,12,10,7
395171,188,"Tuscaloosa, AL",msa,AL,40,30,49,43,47,38,32,29,33,21,34,29,21,28,43,31,26,35,24,28,45,27,26,32,34,20,31,45,31,49,66,51,39,53,52,84,43,37,48,51,33,47,49,51,60,60,39,73,47,31,66,55,50,100,58,49,58,33,21,39,34,42,72,35,51,51,43,63,35,31
394483,189,"College Station, TX",msa,TX,22,20,47,40,46,43,60,28,40,23,18,21,16,9,27,26,28,32,33,13,10,7,14,15,5,7,15,24,11,22,32,13,20,40,28,33,25,12,45,30,59,49,26,43,52,28,49,39,21,45,49,32,43,43,34,32,28,40,32,65,37,30,84,39,62,40,37,36,26,25
394732,190,"Kalamazoo, MI",msa,MI,25,19,33,28,28,31,25,30,21,22,21,15,12,20,19,29,29,30,25,20,21,20,13,15,15,11,18,9,8,,39,55,38,34,32,34,34,15,29,29,21,34,30,29,28,28,26,30,27,10,32,22,20,35,17,26,24,17,21,18,9,10,13,13,26,23,15,17,17,16
394811,191,"Lynchburg, VA",msa,VA,,,,,,,,,,,,,,,,,,,,,,,,,,,11,8,9,6,15,11,9,8,12,12,7,15,10,22,34,41,51,36,39,19,20,60,28,19,25,32,28,27,11,26,40,24,16,24,12,21,40,23,24,26,24,28,28,20
395240,193,"Yakima, WA",msa,WA,,,,,,,,,,,,,,,,,,,,,,,,,,,,,,,,,,,,,,8,12,20,12,11,11,21,14,16,11,24,21,19,22,23,27,40,24,27,15,18,13,19,9,6,12,17,18,18,12,19,20,16
394585,194,"Fargo, ND",msa,ND,33,36,33,44,76,84,62,66,45,70,57,45,29,16,27,33,44,56,43,45,44,37,36,26,7,16,16,20,45,53,52,34,34,41,36,38,31,18,31,25,55,77,43,45,49,64,26,24,18,13,19,22,23,37,44,51,45,41,31,37,8,19,29,28,54,75,48,45,33,34
394609,196,"Fort Smith, AR",msa,AR,,,,,,,,,,,,,,,,6,8,12,8,8,9,5,12,7,7,9,10,6,11,16,18,14,19,16,9,9,14,7,20,26,17,20,25,19,19,27,19,20,14,7,18,24,16,16,22,15,18,16,12,14,10,12,7,16,20,12,14,10,12,17
394334,197,"Appleton, WI",msa,WI,9,11,18,20,11,24,21,10,9,11,13,15,10,8,12,16,20,16,16,16,13,8,9,10,12,18,22,17,18,36,40,26,32,33,17,16,17,14,18,24,18,23,21,25,17,21,17,30,11,14,29,25,38,29,29,25,28,18,21,18,9,11,37,15,24,26,17,18,25,20
845160,198,"Prescott Valley, AZ",msa,AZ,47,32,48,50,37,54,53,48,33,49,45,48,26,39,51,41,46,43,56,46,33,45,36,47,32,24,35,59,37,40,50,51,71,64,57,35,29,45,39,46,46,45,33,31,39,43,47,48,38,46,42,47,40,21,25,33,47,43,27,50,25,26,36,40,54,42,40,52,34,39
394813,200,"Macon, GA",msa,GA,,,,,,,,,,,8,13,17,16,20,20,27,18,17,20,15,33,11,19,19,22,31,27,39,45,47,34,37,40,19,30,20,32,39,44,38,58,44,45,48,35,60,62,77,68,60,63,58,53,56,43,41,23,34,42,15,24,46,28,19,31,23,35,33,33
394361,202,"Barnstable Town, MA",msa,MA,,,,,,,,,,,,,,,,,,,,,,,,,,,,,,,,,,,,,,,,,,,,,,,,,,,,,,,,,,,,,,7,20,19,11,9,13,18,8,13
394519,203,"Daphne, AL",msa,AL,47,73,110,92,73,101,65,74,57,57,57,57,39,52,69,45,49,69,64,45,56,51,77,63,47,46,78,76,67,138,71,94,69,110,86,102,139,167,237,179,168,244,153,158,216,132,168,300,176,228,311,202,206,196,173,140,231,153,154,163,105,161,238,161,174,250,154,155,185,104
394378,205,"Bellingham, WA",msa,WA,42,47,49,60,52,68,56,57,41,35,43,23,42,55,52,51,50,44,38,42,37,34,34,28,29,32,37,23,24,56,43,48,32,40,36,38,35,34,33,32,23,15,44,28,34,38,16,37,27,21,40,29,27,22,14,20,23,34,25,22,14,22,47,45,39,31,19,28,26,22
395030,207,"Rochester, MN",msa,MN,25,24,51,28,52,48,46,32,33,36,23,17,25,25,21,31,31,45,27,34,23,26,26,19,17,23,34,29,27,37,38,38,30,39,30,29,19,17,29,25,31,33,24,23,17,30,12,15,28,16,33,22,29,23,13,28,16,17,12,12,9,9,21,27,22,31,15,12,24,14
753895,208,"Lafayette, IN",msa,IN,,,,,,,,,,,,,,,,,,,,,,,,,,,,,,,,,,,,,,,,,,,,,,,,,,,,,,,,,,,,,,10,22,26,11,12,14,12,6,8
394454,209,"Champaign, IL",msa,IL,,,,,,,,,,,,,,,,,,,,,,,,,,,,,,,,,,,,,,,,,,,,,,,,,,,,,,,,,,,,,,,,,,,,,,8
394848,210,"Medford, OR",msa,OR,24,29,45,50,18,30,26,20,16,27,18,8,9,10,26,25,17,17,14,23,19,21,19,21,28,11,25,21,26,24,34,43,47,47,32,25,13,37,28,30,31,45,36,24,29,34,24,56,42,41,50,63,38,37,39,38,33,33,19,20,26,23,26,30,36,27,21,25,27,33
394459,212,"Charlottesville, VA",msa,VA,18,26,27,26,36,61,23,26,17,11,23,23,24,18,18,18,25,19,30,17,11,13,7,20,18,13,30,26,22,21,19,20,19,22,21,30,30,21,53,58,56,64,51,54,46,66,45,81,37,44,64,34,64,60,43,63,45,52,51,38,33,27,42,36,55,52,49,41,48,31
394763,213,"Lake Charles, LA",msa,LA,,,,,,,,,,,,,,,,,,,,,,,,,,,,,,,,,,,,55,22,22,36,54,39,57,44,43,,46,39,31,46,39,40,31,34,38,28,23,34,16,11,18,9,16,35,15,16,33,26,21,19,22
394464,215,"Chico, CA",msa,CA,21,18,34,21,20,21,31,28,14,29,24,27,39,19,27,19,21,16,24,9,20,11,14,10,5,7,12,13,10,19,21,23,14,11,20,28,10,15,21,19,24,27,15,14,10,17,16,18,21,30,22,28,27,28,20,22,15,26,23,15,11,30,17,19,24,28,20,22,20,18
394681,216,"Hilton Head Island, SC",msa,SC,90,82,114,103,110,96,81,77,71,66,48,59,50,54,62,61,57,51,54,71,66,77,47,66,40,48,63,58,45,65,81,79,58,54,57,77,68,56,68,84,90,93,86,88,113,106,106,154,72,71,97,87,85,69,95,87,91,102,90,146,54,54,65,97,111,129,127,138,150,124
394346,217,"Athens, GA",msa,GA,46,47,74,74,64,69,38,70,37,24,42,27,26,33,39,49,54,60,47,44,34,39,66,80,33,59,77,42,52,71,71,66,57,73,59,78,38,45,53,61,50,33,48,52,30,30,37,56,28,64,45,38,45,46,50,36,37,28,33,37,38,36,39,61,62,55,67,44,32,38
394765,218,"Lake Havasu City, AZ",msa,AZ,47,40,75,68,75,56,47,48,53,58,48,52,43,46,88,73,55,69,65,58,45,45,53,61,50,66,71,50,61,86,79,75,91,65,67,79,56,75,96,91,88,98,88,104,78,77,63,117,107,103,98,98,102,111,75,68,88,54,68,91,61,46,77,75,71,94,81,76,43,71
394485,219,"Columbia, MO",msa,MO,,,,,,,,,,,,,,,,,,,,,,,12,7,12,8,22,12,16,19,16,26,13,14,15,18,11,22,28,24,25,37,27,27,20,38,26,45,20,32,41,27,31,36,24,17,16,22,21,12,11,26,25,33,45,34,41,26,28,28
394565,223,"Elkhart, IN",msa,IN,,,,,,,,,,,,,,,,,,,,,,,,,,,,,,,,,,,,,,,,,,,,,,,,,,,,,,,,,,,,,,,,6,7,6,9,7,10,7
394726,224,"Johnson City, TN",msa,TN,,,,,,,,,,,,,,,,,,,,,,,,,,,6,14,11,16,19,36,26,15,15,26,14,13,27,33,20,23,13,26,13,21,16,45,24,22,33,20,25,26,25,23,24,24,16,17,7,19,32,28,33,42,23,16,17,21
394623,226,"Gainesville, GA",msa,GA,74,74,113,77,119,97,64,47,60,57,47,53,47,42,65,70,56,58,52,61,59,59,48,66,48,56,94,68,65,123,125,116,103,89,98,89,67,80,125,94,71,74,51,72,46,58,75,88,45,54,94,50,69,61,46,45,60,56,46,61,44,58,58,62,74,66,64,65,63,48
394716,227,"Jacksonville, NC",msa,NC,65,83,72,81,92,99,90,86,29,59,57,62,51,52,64,78,77,58,51,53,47,58,62,62,60,80,108,101,89,115,148,109,101,91,99,89,69,68,86,88,68,103,86,103,92,96,78,131,69,102,111,76,98,127,110,117,101,109,100,101,74,94,108,79,114,105,102,82,82,69
394597,228,"Florence, SC",msa,SC,10,22,21,7,15,32,19,14,17,16,22,18,11,22,13,25,25,16,23,17,23,15,15,21,11,16,16,14,16,18,22,30,29,12,15,19,28,20,16,17,23,23,29,33,24,23,28,58,45,31,55,46,40,30,27,42,43,30,22,26,29,25,34,43,43,28,50,29,42,36
394680,229,"Hilo, HI",msa,HI,17,10,14,9,12,5,14,9,5,8,7,14,14,16,18,13,21,9,14,6,12,13,16,14,11,8,9,5,7,10,16,14,14,19,27,21,15,22,25,23,17,18,21,27,16,16,23,33,19,18,27,21,23,29,21,20,24,19,21,19,10,15,17,18,22,21,20,23,15,18
394380,232,"Bend, OR",msa,OR,96,103,143,103,127,103,99,93,92,81,86,67,51,49,78,82,104,84,60,74,70,56,51,60,54,49,71,69,71,80,141,97,110,87,75,78,72,103,117,130,126,134,167,94,157,112,113,110,91,100,119,88,112,76,77,89,95,85,68,60,46,55,98,71,74,73,58,84,59,59
395202,234,"Warner Robins, GA",msa,GA,70,105,111,91,91,80,68,64,51,45,65,58,54,55,67,62,67,72,64,79,47,58,50,66,48,53,81,81,92,103,99,78,63,66,74,99,71,95,103,125,82,89,98,90,100,88,129,136,79,101,135,111,98,124,112,90,85,93,100,96,68,73,98,61,62,99,83,76,78,78
395009,237,"Punta Gorda, FL",msa,FL,48,51,55,62,103,83,36,66,89,76,73,84,63,63,80,85,78,59,49,60,74,68,57,65,55,49,77,58,78,101,93,88,85,85,98,99,78,83,115,108,100,99,86,85,76,67,71,100,89,89,74,71,101,81,83,77,62,56,53,79,54,86,122,110,134,111,114,130,124,96
395018,240,"Redding, CA",msa,CA,,,,,,,,,,,,,,,,,,,,,,,,,,,,,,,,,,,,,,,,,,,,,,,,,,,,,,,,,,,,,,,,,,,,,,7
394960,242,"Panama City, FL",msa,FL,60,36,53,49,66,70,50,50,40,22,33,71,48,47,65,54,55,52,48,49,37,43,33,23,50,30,51,43,85,151,114,100,95,106,84,70,107,118,156,144,193,175,175,145,130,99,106,109,77,93,164,106,75,135,67,79,73,80,70,117,73,86,141,107,139,152,115,113,98,87
394539,244,"Dover, DE",msa,DE,82,66,89,78,94,92,71,78,47,19,26,25,10,23,19,27,25,21,15,12,17,16,19,33,16,22,20,21,20,26,31,31,31,49,30,33,33,23,38,28,25,30,45,33,20,41,40,55,61,42,50,34,49,35,37,28,39,49,26,33,27,32,44,44,37,33,26,32,19,29
395246,247,"Yuba City, CA",msa,CA,,,,,,,,,,,,,,,,,,,,,,,,,,,,,,,,,,,,,,,,,,,,,,,,,,,,,,,,,,,,,,,,,,,9,7,19,9
394406,248,"Bowling Green, KY",msa,KY,,,,,,,,,,,,,,,,,,,,,,,,,,,,,,,,,,,,,7,6,10,7,12,8,10,11,11,21,22,,30,42,41,42,49,35,35,30,49,45,30,40,24,29,47,46,46,53,35,36,28,28
395119,249,"St. George, UT",msa,UT,43,52,59,36,52,25,33,22,19,22,16,19,18,8,20,21,18,21,23,24,20,15,21,24,16,16,9,20,12,24,50,45,32,26,14,20,21,28,37,30,23,16,28,25,33,23,35,57,32,36,41,22,25,36,16,29,31,19,22,38,16,20,27,31,49,32,40,29,26,18
394896,250,"Muskegon, MI",msa,MI,,,,,,,,,,,,,,,,,,,,,,,,,,,,,,,,,,,,10,7,11,10,13,11,16,18,11,15,5,12,13,5,14,13,12,9,11,12,8,13,5,13,12,9,12,13,11,14,15,8,18,12,5
394299,251,"Abilene, TX",msa,TX,17,29,34,22,26,27,19,26,26,13,14,19,11,11,19,21,21,14,30,24,18,20,7,20,15,20,18,24,18,24,38,27,23,31,26,32,18,12,33,15,36,30,31,28,21,29,25,30,26,29,29,33,32,27,41,38,25,30,21,26,10,31,39,26,38,31,23,24,24,18
394707,252,"Iowa City, IA",msa,IA,19,16,43,42,70,97,75,61,41,45,35,24,12,21,21,24,35,41,38,19,15,21,9,12,15,12,23,33,35,40,50,31,30,29,18,30,13,13,24,36,47,68,62,74,29,46,40,60,38,46,59,65,67,57,50,54,32,34,32,14,12,23,30,50,51,54,27,39,27,23
394351,253,"Auburn, AL",msa,AL,24,22,53,40,42,48,32,27,13,17,30,29,20,12,20,18,23,18,19,13,13,17,15,18,13,20,19,14,30,31,31,32,35,38,24,29,21,24,42,,87,80,93,88,93,90,86,97,66,87,91,95,85,102,75,89,76,62,74,73,49,56,73,56,60,66,48,55,53,40
394860,254,"Midland, TX",msa,TX,60,58,57,66,64,31,25,22,17,16,17,17,14,16,22,24,16,11,15,12,11,12,16,16,8,6,15,10,7,18,12,14,17,20,20,14,9,9,24,20,24,20,11,16,21,9,13,26,19,23,36,25,15,25,16,20,23,16,33,34,21,46,34,19,19,21,26,14,14,18
753869,255,"Bloomington, IL",msa,IL,,,,,,,,,,,,,,,,,,,,,,,,,,,,,,,,,,,,,,,,,,,,,,,,,,,,,,,,,,,,,,9,10,13,13,18,6,11,14,6
394555,258,"Eau Claire, WI",msa,WI,,,,,,,,,,,,,,,,,,,,,,,,,,,7,10,10,17,16,14,11,24,14,10,9,11,19,19,23,25,26,32,25,21,19,17,17,16,25,32,29,29,26,19,27,9,14,11,11,13,13,19,22,20,18,16,8,17
394651,259,"Greenville, NC",msa,NC,42,25,52,54,59,64,44,52,20,23,19,24,9,18,17,12,22,17,12,12,11,11,12,31,26,28,53,37,32,39,53,33,48,37,41,37,34,24,42,40,34,50,28,32,30,66,24,48,34,44,55,31,43,59,26,31,31,26,32,47,26,32,57,30,45,44,28,45,46,30
394428,260,"Burlington, NC",msa,NC,39,41,55,46,34,23,27,23,23,20,19,26,20,26,40,23,42,36,21,24,16,33,22,47,12,18,26,20,38,39,39,22,33,30,27,44,29,29,28,27,20,26,27,31,41,22,26,60,29,29,53,28,45,31,42,33,42,30,20,59,23,19,77,52,51,61,36,53,37,49
395007,264,"Pueblo, CO",msa,CO,27,34,36,26,42,30,28,36,20,26,27,24,19,27,23,17,29,20,24,16,11,22,25,23,7,11,22,25,17,19,31,26,27,31,23,27,26,23,32,33,18,28,30,28,27,28,25,35,31,38,46,34,36,39,25,30,29,27,26,22,18,29,35,38,32,31,14,21,17,18
394720,268,"Janesville, WI",msa,WI,,,,,,,,,,,,,,,,,,,,,,,,,,,,,,,,,,,,,,,,,,,16,15,7,18,14,23,16,22,16,17,13,17,19,13,15,22,6,10,5,5,22,13,11,16,19,18,13,16
394393,270,"Bloomington, IN",msa,IN,,,,,,,,,,,,,,,,,,,,,,,,,,,6,8,5,14,19,11,11,15,7,12,6,12,10,18,12,13,22,12,20,16,16,11,15,8,20,15,27,16,12,19,15,14,7,9,10,14,15,13,17,11,9,10,9,7
395079,274,"Sebastian, FL",msa,FL,37,31,26,31,34,34,27,36,44,34,36,39,32,32,58,36,37,36,50,25,29,45,44,37,15,24,46,27,33,34,48,55,48,32,27,29,28,37,86,53,39,26,29,45,40,44,41,59,41,38,46,29,31,32,33,48,22,20,25,22,12,19,34,20,30,31,35,27,38,19
394814,275,"Madera, CA",msa,CA,,,,,,,,,,,,,,,,,,,,,,,,,,,,,,,,,,,,,,,,,,,,,,,,,,,,,,,,,,,,,,10,22,26,32,42,27,34,20,23
394703,279,"Idaho Falls, ID",msa,ID,,,,,,,,,,,,,,,,,,,,,,,,,,5,7,15,7,8,12,12,10,10,13,12,11,12,18,25,22,13,17,28,25,25,26,34,25,25,26,23,45,27,24,32,45,31,35,29,31,23,38,33,35,21,24,23,28,22
394639,280,"Grand Junction, CO",msa,CO,45,47,56,74,47,33,34,30,30,28,23,16,13,26,32,24,23,15,19,21,20,14,14,12,13,20,29,21,18,37,30,28,24,16,24,31,22,20,31,34,29,32,35,29,28,38,37,60,25,35,50,39,33,32,22,21,37,26,23,21,22,13,16,34,36,27,16,28,14,12
394563,281,"Elizabethtown, KY",msa,KY,,,,,,,,,,,,,,,,,,,,,,,,12,13,20,19,18,16,25,22,18,10,11,6,9,11,10,28,19,11,11,16,19,14,5,14,16,9,16,25,26,17,13,11,13,16,10,9,10,10,21,26,24,33,29,20,16,22,14
394917,282,"Niles, MI",msa,MI,,,,,,,,,,,,,,,,,,,,,,,,,,,,,,,,,,,,,,,,,,,,,,,,,,,,,,,,,,,,,,,,,,16,9,13,9,10
394873,283,"Monroe, MI",msa,MI,,,,,,,,,,,,,,,,,,,,,,,,,,,,,,,,,,,,,,,,,,,,,,,,,,,,,,,,,,,,,,,,,,,,,,8
395066,284,"Santa Fe, NM",msa,NM,,,,,,,,,,,,,,,,,,,,,,,,,,,,,,,,,,,,,,,,,,,,,,,,,,,,,,,,,,6,9,10,8,20,11,9,16,14,18,14,13,10
395163,287,"Traverse City, MI",msa,MI,7,12,9,23,23,9,24,23,22,10,12,20,15,8,13,12,17,19,18,27,14,24,25,17,12,7,15,13,8,21,14,20,23,28,12,10,18,9,23,26,12,16,24,20,16,23,13,34,12,16,21,15,8,16,10,16,23,7,11,18,18,15,28,20,19,18,19,20,14,21
394685,289,"Homosassa Springs, FL",msa,FL,28,20,38,22,31,30,22,31,16,20,13,18,18,19,22,21,29,20,28,25,20,18,13,19,17,19,26,19,24,29,29,31,31,18,23,23,23,32,42,43,33,33,25,27,29,31,26,44,28,33,45,48,41,44,47,42,52,61,33,52,31,48,70,50,55,64,52,55,65,49
394662,290,"Hanford, CA",msa,CA,,,,,,,,,,,,,,,,,,,,,,,,,,,,,,,,,,,,,,,,,,,,,,,,,,,,,,,,,,,,,,,,,,,9,6,10,8
394537,293,"Dothan, AL",msa,AL,,,,,,,,,,,,,,,,,,,,,,,,,,,,,,,,,11,14,11,9,8,8,13,26,25,26,14,16,20,16,11,16,12,8,25,21,25,23,21,19,30,24,15,22,10,19,31,15,17,20,19,17,11,20
394802,294,"London, KY",msa,KY,,,,,,,,,,,,,,,,,,,,,,,,,,,,,,,,,,,,,,,,,,,,,,,,,,,,,,,,,,,,,,,,,,,,,,5
394800,301,"Logan, UT",msa,UT,,,,,,,,,,,,,,7,11,12,12,9,13,7,11,11,15,13,17,20,13,13,20,13,20,16,20,16,10,8,10,6,11,21,15,16,22,19,11,16,16,21,16,26,31,18,23,25,26,24,23,16,20,27,14,16,28,29,25,33,28,18,14,10
394595,302,"Flagstaff, AZ",msa,AZ,,,,,,,,,,,,,,,,,,,,,,,,,,,,,,,,,,,,,,,,,,,,,,,,,,,,,,,,,,,,,,,11,10,27,16,10,12,14,25
395036,303,"Rocky Mount, NC",msa,NC,,,,,,,,,,,,,,,,,,,,,,,,,,,,,,,,,,,,,,,21,16,15,31,37,17,35,20,25,34,29,28,45,40,46,24,20,25,26,28,22,34,15,18,38,36,22,30,28,28,26,23
394515,305,"Dalton, GA",msa,GA,,,,,,,,,,,,,,,,,,,,,,,,,,,,,,,,,,,,,,,,,,,,,,,,,,,,,,,,,,,,,,,,,,,,,,11
394783,306,"Lebanon, PA",msa,PA,,,,,,,,,,,,,,,,,,,,,,,,,,,,,,,,,,,,,,,,,,,,,,,,,,,,,,,,,,,,,,,,,,,,,,6
394880,307,"Morristown, TN",msa,TN,,,,,,,,,,,,,,,,,,,,,,,,,,,,,,,,,,,,,,,,9,12,10,11,9,13,5,11,17,8,10,14,16,22,18,19,13,22,13,19,12,12,18,40,32,42,34,20,32,22,16
395232,308,"Winchester, VA",msa,VA,,,,,,,,,,,,,,,,,,,,,,,,,,,,8,7,11,14,21,17,11,9,12,8,11,13,17,19,17,15,13,18,27,18,36,14,13,19,33,17,21,15,17,10,14,17,12,8,14,24,21,21,26,19,32,32,20
394900,312,"Napa, CA",msa,CA,,,,,,,,,,,,,,,,,,,,,,,,,,,,,,,,,,,,,,,,,,,,,,,,,,,,,,,,,,,,,,,,,,,,,,7
395013,313,"Rapid City, SD",msa,SD,,,,,,,,,,,,,,10,11,13,12,15,14,20,15,7,12,6,6,10,9,10,11,13,14,16,8,12,9,7,8,15,22,19,18,27,24,18,28,24,28,26,26,42,33,34,31,39,37,30,23,21,20,26,18,21,31,28,34,36,22,32,30,17
395094,319,"Sherman, TX",msa,TX,20,19,27,17,13,21,14,17,12,15,12,17,8,14,13,19,18,8,8,13,12,26,30,27,21,20,26,23,36,42,56,50,35,43,17,27,26,25,26,29,20,26,45,17,19,21,22,35,22,29,55,36,41,58,36,44,41,35,35,65,46,80,95,64,75,53,67,55,54,37
394442,321,"Carbondale, IL",msa,IL,,,,,,,,,,,,,,,,,,,,,,,,,,,,,,,,,,,,,,,,,,,,,,,,,,,,,,,,,,,,,,,,,,,,,,5
394728,323,"Jonesboro, AR",msa,AR,,,,,,,,,,,,,,,,,,,,,,,,13,7,5,16,23,17,23,21,20,13,12,23,23,14,15,18,22,15,19,23,14,22,28,13,25,7,24,8,19,27,22,21,18,11,13,12,16,11,19,25,17,14,21,25,23,13,11
394661,325,"Hammond, LA",msa,LA,,,,,,,,,,5,8,10,10,20,21,18,16,17,22,38,18,19,18,12,26,23,27,23,17,43,39,25,29,27,21,22,21,15,12,21,15,18,17,8,12,19,15,14,14,13,14,17,13,21,19,39,37,29,14,26,16,19,30,32,32,27,29,25,29,47
394890,327,"Mount Vernon, WA",msa,WA,,,,,,,,,,,,,,,,,,,,,,,,,,,,,,,,,,,,,,,,,,,,,,,,,,,,,,,,,,,,,,,,,,,,,,5
395153,329,"The Villages, FL",msa,FL,,,,,,,,,,,,,,,,,,,,,,,,,,,,,,,,,,,,,,,,,,17,15,10,17,13,10,26,11,5,22,8,10,20,7,13,18,18,11,32,18,17,30,28,21,27,18,19,19,16
394474,334,"Cleveland, TN",msa,TN,17,21,25,25,18,19,15,21,7,11,15,12,6,8,5,10,9,20,9,16,6,8,6,7,6,6,12,7,10,14,19,22,19,22,13,22,14,15,23,38,31,31,24,35,30,32,29,54,30,19,49,30,30,37,21,31,52,35,38,46,23,26,34,35,36,34,36,28,26,23
394905,341,"New Bern, NC",msa,NC,9,5,15,14,21,20,21,17,10,15,16,16,20,16,18,13,13,13,12,13,17,25,6,10,12,11,13,16,14,21,20,21,25,26,14,35,55,42,,32,22,34,37,44,34,25,31,45,41,36,56,50,34,39,46,45,43,49,42,37,43,29,35,24,21,29,23,27,50,31
395218,345,"Wenatchee, WA",msa,WA,19,12,27,24,33,17,18,16,16,19,18,12,17,18,13,22,16,26,20,14,13,23,21,10,17,14,18,15,14,21,42,20,19,12,11,7,9,8,19,28,27,24,23,19,19,20,23,21,16,12,20,27,27,22,16,20,18,15,19,13,8,13,16,14,15,15,7,9,5,11
753890,347,"Holland, MI",msa,MI,,,,,,,,,,,,,,,,,,,,,,,,,,,,,,7,26,24,18,20,9,9,5,14,13,17,8,19,7,15,21,14,7,16,12,8,9,12,15,10,8,10,9,10,10,13,6,8,17,8,8,12,10,12,13,14
394810,348,"Lumberton, NC",msa,NC,,,,,,,,,,,,,,,,,,,,,,,,,,,,,,,,,,,,,,,,,,,,,,,,,,,,,,,,,,,,,,8,15,12,15,21,13,16,13,19
394635,350,"Goldsboro, NC",msa,NC,7,16,27,8,22,21,11,12,13,11,23,11,17,7,18,12,24,15,21,10,8,11,19,14,16,18,21,16,20,15,18,22,23,25,16,19,15,17,25,26,35,18,20,31,13,24,16,18,21,16,33,23,27,25,20,23,14,24,21,13,16,22,29,21,17,18,11,28,18,18
394867,354,"Missoula, MT",msa,MT,,,,,,,,,,,,,,,,,,,,,,,,,,,,,,,,,,,,,,,,,,,,,,,,,,,,,,,,,,,,19,12,24,33,24,42,28,20,14,15,12
394407,356,"Bozeman, MT",msa,MT,38,39,48,49,46,56,50,55,37,32,29,26,10,21,26,23,20,13,19,24,38,16,28,37,28,25,51,29,28,48,64,58,100,77,39,25,38,36,42,48,34,49,39,64,53,31,54,39,35,26,40,32,26,38,14,29,19,27,25,42,16,22,33,26,46,39,11,22,25,19
394423,360,"Brunswick, GA",msa,GA,15,28,41,21,29,28,22,23,16,17,17,14,11,12,24,14,15,19,16,17,14,18,16,12,12,19,16,11,17,19,27,15,27,21,6,6,10,15,25,36,18,28,15,38,27,35,31,50,42,23,35,37,24,29,19,35,17,23,15,20,21,20,30,31,39,25,20,20,19,14
395173,361,"Twin Falls, ID",msa,ID,19,13,11,13,24,25,19,16,11,17,20,8,17,9,9,15,20,11,11,16,24,10,19,22,17,15,34,18,14,24,23,15,32,23,19,39,10,18,14,14,12,16,19,32,19,22,16,21,12,28,24,31,22,19,27,21,20,24,27,21,6,17,29,25,28,18,18,26,16,17
753872,361,"California, MD",msa,MD,25,17,15,21,28,23,10,17,8,8,11,16,18,10,18,19,16,24,18,11,12,12,18,22,12,14,22,12,13,14,16,27,19,20,13,15,12,8,22,26,20,21,11,19,14,9,17,25,7,15,14,14,11,15,15,13,9,9,11,11,6,11,15,7,7,13,7,7,5,6
394495,363,"Cookeville, TN",msa,TN,,,,,,,,,,,,,,,,,,,,,,,,,,,,,,,,,,,,,,,,,,,,,,,,,,,,,,,,,,,,,,,,,,,,,,8
394804,368,"Longview, WA",msa,WA,,,,,,,,,,,,,,,,,,,,,,,,,,,,,,,,,,,,,,,,,,,,,,,,,,,,,,,,,,,,,,10,8,6,9,10,15,12,6,6
395095,372,"Show Low, AZ",msa,AZ,,,,,,,,,,,,,,,,,,,,,,,,,,,,,,,,,,,,,,,,,,,,,,,,,,,,,,,,,,,,,,,,,,,,15,17,14
395023,373,"Richmond, KY",msa,KY,,,,,,,,,,,,,,,,,,,,,,,,,,,,14,22,24,19,16,19,12,17,17,13,11,11,17,34,21,32,31,33,30,21,45,25,23,32,36,32,24,27,28,48,28,31,22,19,21,43,35,38,20,25,24,11,17
395168,374,"Tullahoma, TN",msa,TN,20,19,35,25,27,34,29,31,26,36,27,25,7,17,25,23,21,11,23,16,13,14,12,11,15,13,15,23,15,24,21,31,26,28,27,25,13,23,26,34,41,38,29,39,32,40,29,30,16,27,27,32,33,46,27,30,28,15,21,23,19,19,19,29,31,29,31,26,16,22
395222,375,"Whitewater, WI",msa,WI,,,,,,,,,,,,,,,,,,,,,,,,,,,,,,,,,,,,,,,,,,,,,,,,,,,,,,,,,,,,,,,,,,8,7,11,11,11
394762,379,"LaGrange, GA",msa,GA,,12,24,24,13,12,12,12,11,6,13,12,10,9,13,20,12,17,15,12,9,9,22,10,8,5,14,15,15,22,26,14,15,25,20,17,17,12,29,24,19,35,18,17,15,33,20,21,7,9,15,15,27,13,16,20,30,12,13,12,7,9,12,9,28,10,9,21,18,15
394733,384,"Kalispell, MT",msa,MT,11,9,15,15,11,17,13,23,7,9,13,16,14,12,17,14,17,24,10,18,21,18,19,14,7,15,19,21,8,19,26,29,31,29,25,25,28,19,42,26,38,50,43,27,28,40,34,31,34,14,26,25,37,22,26,20,26,23,21,14,19,24,32,34,29,33,19,20,22,14
395080,390,"Sebring, FL",msa,FL,,,,,,,,,,,,,,,,,,,,,,,,,,,,,,,,,,,,,,,,,,,,,,,,9,5,28,10,7,13,15,16,11,11,9,12,14,8,13,18,14,21,24,18,21,16,22
394462,391,"Cheyenne, WY",msa,WY,,,,,,,,,,,,,,,,,,,,,,,,,,,,,,,,,,,,,,20,18,21,23,26,18,24,22,33,34,36,17,28,34,31,32,24,21,18,18,14,14,10,10,8,12,10,12,20,14,12,18,11
394302,393,"Adrian, MI",msa,MI,,,,,,,,,,,,,,,,,,,,,,,,,,,,,,,,,,,,,,,,,,,,,,,,,,,,,,,,,,,,,,,,,,,,6,7,6
395090,394,"Shelby, NC",msa,NC,,,,,,,,,,,,,,,,,,,,,,,,,,,,,,,,,,,,,,,,,,,,,,,,,,,,,,,,,,,10,9,6,12,17,11,33,19,15,16,13,13
753912,398,"Pinehurst, NC",msa,NC,24,27,48,61,56,37,43,35,24,42,29,35,20,25,35,47,50,44,41,35,24,32,27,31,25,30,33,34,38,41,73,63,40,49,43,52,42,39,68,68,41,51,33,33,49,43,50,82,66,39,49,55,53,35,26,42,36,40,39,59,34,42,77,43,71,75,40,38,44,50
395038,401,"Rome, GA",msa,GA,,,,,,,,,,,,,,,,,,,,,,,,,,,,,,,,,,,,,,,,,,,,,,,,,,,,,,,,,,,,,,,,,,,,11,8,7
395086,402,"Sevierville, TN",msa,TN,19,18,35,20,27,25,22,32,30,36,19,20,14,21,18,17,16,13,12,18,16,17,14,22,11,12,5,17,16,18,26,32,31,30,17,22,23,19,29,31,24,30,34,26,46,37,39,42,25,32,34,27,34,45,36,44,57,47,38,54,21,23,20,19,25,28,24,38,28,42
394882,403,"Moses Lake, WA",msa,WA,,,,,,,,,,,,,,,,,,,,,,,,,,,,,10,10,20,6,10,10,15,17,12,11,10,14,8,16,17,26,22,29,22,33,17,18,24,26,22,18,19,20,28,30,17,13,10,8,7,16,20,21,11,15,18,13
394441,405,"Cape Girardeau, MO",msa,MO,,,,,,,,,,,,,,,,,,,,,,,,,,,,,,,,,,,,,,,,,,,,,,,,,,,,,,,,,,,,,,,,,,,,,,7
394928,410,"Ocean City, NJ",msa,NJ,20,15,13,15,18,23,15,21,17,23,25,10,7,12,16,16,16,11,17,25,15,19,15,18,32,15,19,15,15,30,30,37,30,24,33,21,24,21,30,28,30,37,36,20,38,15,25,27,23,37,34,24,30,21,24,23,20,22,20,23,12,10,21,28,42,25,23,22,27,14
753887,417,"Hermiston, OR",msa,OR,,,,,,,,,,,,,,,,,,,,,,,,,,,,,,,,,,,,,,,,,,,,,,,,,,,,,,,,,,,,,,,12,13,11,12,14,18,14,19
394511,424,"Cullman, AL",msa,AL,,,,,,,,,,,5,5,7,6,5,10,10,12,8,9,8,14,10,7,13,6,9,11,7,19,16,11,11,12,10,8,11,7,12,14,21,13,7,10,18,14,12,15,6,9,14,13,16,23,24,24,16,19,21,20,13,18,12,10,12,17,7,9,22,11
394755,438,"Kokomo, IN",msa,IN,,,,,,,,,,,,,,,,,,,,,,,,,,,,,,,,,,,,,,,,,,,,,,,,,,,,,,,,,,,,,,,,,,,,,,5
394675,441,"Helena, MT",msa,MT,,,,,,,,,,,,,,,,,,,,,,,,,,,,,,,,,,,,,,,,13,18,17,28,15,17,23,21,46,16,18,22,27,30,22,14,16,18,20,13,19,8,11,26,27,26,18,6,19,8,13
394744,442,"Key West, FL",msa,FL,,,,,,,,,,,,,,,,,,,,,,,,,,,,,,,,,,,,,,,,,,,,,,,,,,,,,,,,,,,,,7,5,9,7,14,11,11,16,8,10
395145,443,"Talladega, AL",msa,AL,,,,,,,,,,,,,,,,,,,,,,,,,,,,,,,,,,,,,,,,,,,,,,,,,,,,,,,,,,,,,,,,,,,,,,9
394345,446,"Athens, TX",msa,TX,,,,,,,,,,,,,,,,,,,,,,,,,,,,,,,,,,,,,,,11,10,9,11,7,10,22,12,12,15,13,18,15,18,19,21,20,29,12,6,10,8,5,7,6,8,14,9,10,20,12,8
394682,449,"Hinesville, GA",msa,GA,26,27,33,23,17,26,20,13,14,13,12,14,5,9,8,11,17,26,22,13,14,20,20,33,17,19,31,29,30,40,42,39,29,37,40,53,19,13,49,44,32,63,49,44,41,44,40,81,29,41,44,40,33,50,31,45,34,44,33,52,36,28,47,38,37,34,43,47,47,40
395126,453,"Statesboro, GA",msa,GA,,,,,,,,,,,,,,,,,,,,,,,,,,11,13,20,15,21,15,16,18,25,18,18,11,20,45,21,20,17,23,23,15,28,22,32,14,18,41,34,40,34,21,15,16,15,18,14,10,11,23,24,24,11,16,24,11,18
395231,455,"Wilson, NC",msa,NC,,,,,,,,,,,,,,,,,,,,,,,,,,5,5,9,11,9,6,10,10,6,10,7,10,8,7,12,14,18,13,13,14,7,9,10,21,8,11,14,11,19,16,22,20,13,9,13,7,9,21,13,13,22,16,14,17,12
753881,456,"Glenwood Springs, CO",msa,CO,,,,,,,,,,,,,,,,,,,,,,,,,,,,,,,,,,,,,,,,,,,,,,,,,,,,,,,,,,,,,,,,,,,,23,13,8
395077,461,"Searcy, AR",msa,AR,,,,,,,,,,,,,,,,,,,,,,,,,,,,,,,,,,,,,,,,,,,,,,,,,,,,,,,,,,,,,,,,,7,10,10,8,5,6
394699,465,"Huntsville, TX",msa,TX,,,,,,,,,,,,,,,,,,,,,,,,,,,,,,9,7,6,7,12,6,13,8,18,20,13,,30,29,17,20,25,28,47,30,41,44,28,47,46,35,40,45,43,44,45,21,39,39,39,60,45,34,34,20,14
394674,467,"Heber, UT",msa,UT,20,36,40,30,31,24,24,27,29,35,20,21,14,11,19,16,15,13,27,20,26,21,13,27,29,12,18,12,13,22,25,32,58,74,52,61,54,32,53,65,58,72,63,53,65,64,69,121,96,95,88,52,56,58,46,82,66,55,51,55,32,62,47,29,32,39,33,36,54,55
394298,473,"Aberdeen, WA",msa,WA,20,20,21,22,24,22,16,15,17,21,13,11,19,6,13,16,15,17,16,14,12,21,11,10,12,11,11,8,17,8,27,15,13,12,14,12,8,11,14,15,20,22,16,12,16,15,22,20,14,17,16,15,15,15,15,11,11,10,13,11,8,15,14,10,8,6,9,8,5,11
753893,477,"Jefferson, GA",msa,GA,55,89,130,81,84,77,72,57,58,55,49,46,38,41,57,56,66,91,55,67,52,55,62,96,58,55,71,75,71,105,95,67,87,78,58,101,57,119,108,75,63,70,67,59,63,76,94,95,63,64,81,77,55,86,82,74,42,56,31,100,63,79,118,99,105,104,92,67,77,93
395088,482,"Shawnee, OK",msa,OK,,,,,,,,,,,,,,,,,,,,,,,,,,,,,,,,,,,,,,,,,,,,,,,,,,,,,,,,,,,,10,,7,11,7,17,16,7,8,9,12
394647,486,"Greeneville, TN",msa,TN,,,,,,,,,,,,,,,,,,,,,,,,,,,,,,,,,,,,,,,,,,,,,,,,,,,,,,,,,,,,,,,8,5,6,13,9,9,13,9
394877,491,"Morehead City, NC",msa,NC,,,,,,,,,,21,10,9,9,23,18,13,22,13,13,14,5,16,10,9,8,10,7,14,9,7,25,15,19,13,11,19,19,26,18,24,24,24,10,17,20,15,11,19,11,11,21,24,15,22,20,22,17,16,26,17,14,11,16,23,19,23,17,19,25,15
395092,510,"Shelton, WA",msa,WA,,,,,,,,,,,,,,,,,,,,,,,,,,,,,,,,,,,,,,,,,,,,,,,,,,,,,,,,,,,,,,9,6,8,8,17,7,19,9,13
395020,517,"Rexburg, ID",msa,ID,,,,,,,,,,,,,,,,,,,,,,,,,,,,,,,,,,,,,,,,,,,,,,,,,,,,,,,,,,,,,,,,,12,12,8,12,16,24
395063,522,"Sanford, NC",msa,NC,,,,,,,,,,,,,,,,,,,,,,,10,25,13,19,13,19,18,18,26,17,23,26,16,21,23,19,23,8,12,19,21,21,25,24,18,18,12,18,9,13,15,25,15,15,17,8,7,19,25,21,32,34,29,38,20,22,15,18
394309,526,"Albemarle, NC",msa,NC,,,,,,,,,,,,,,,,,,,,,,,,,,,,,,,,,,,,,,,,,,,,,,,,,,,,,10,13,19,14,13,23,15,41,23,15,38,36,30,38,22,22,22,29
845162,535,"Granbury, TX",msa,TX,,,,,,,,,,,,,,,,,,,,,,,,,,,,,,,,,,,,,,,,,,,,,,,,,,,,,,,,,,,,,7,12,22,39,34,36,31,33,26,24
394592,550,"Fernley, NV",msa,NV,,,,,,,,,,,,,,,,,,,,,,,,,,,,,,,,,,,,,,,,,,,,,,9,13,29,28,43,47,31,20,21,9,11,13,9,6,10,6,14,10,9,17,18,19,15,11,20
394444,551,"Carson City, NV",msa,NV,,,,,,,,,,,,,,,,,,,,,,,,,,,,,,,,,,,,,,,,,,,,,,,,,,,,,,,,,,,,,,7,11,7,9,10,9,9,8,7
394940,557,"Ontario, OR",msa,OR,,,,,,,,,,,,,,,,,,,,,,,,,5,8,13,12,9,12,17,20,19,31,13,26,20,20,33,17,26,22,20,29,18,25,24,28,19,31,49,31,35,26,19,35,21,25,20,40,30,23,23,29,29,30,19,23,15,14
394621,558,"Gaffney, SC",msa,SC,,,,,,,,,,,,,,,,,,,,,,,,,,,,,,,,,,,,,,,,,,,,,,,,,,,,,,,,,,,,,13,16,13,18,24,18,16,22,25,22
395122,576,"St. Marys, GA",msa,GA,30,19,32,45,35,49,38,31,28,22,36,34,18,27,39,27,19,24,22,14,16,13,10,5,11,9,26,18,13,15,19,8,12,13,11,14,6,18,21,24,15,23,15,7,21,20,20,27,22,14,23,30,36,31,20,29,27,24,16,16,13,19,26,18,26,30,18,29,24,25
394402,577,"Boone, NC",msa,NC,,,,,,,,,,,,,,,,,,,,,,,,,,,,,,,,,,,,,,,,,,,,,,,,,,,,,,,,,,,,,,,,,,,,,9,5
395204,578,"Warrensburg, MO",msa,MO,,,,,,,,,,,,,,,,,,,,,,,,,,,,,,,,,,,,,,,,,,,,,,,,,,,,,,,,,,,,,,,,,,,8,7,10,7
394562,582,"Elizabeth City, NC",msa,NC,,,,,,,,,,,,,,11,15,9,17,14,11,10,10,12,8,13,16,7,10,12,10,9,29,17,16,19,5,7,9,10,8,10,7,11,6,16,17,8,14,15,8,14,27,15,11,17,16,22,19,22,14,21,9,9,27,11,9,26,16,18,22,11
394344,584,"Athens, TN",msa,TN,,,,,,,,,,,,,,,,,,,,,,,,,,,,,,,,,,,,,,,,,,,,,8,10,11,8,13,17,10,16,11,20,9,12,12,11,10,9,7,13,17,18,23,12,8,19,18,8
394742,589,"Kerrville, TX",msa,TX,,,,,,,,,,,,,,,,,,,,,,,,,,,,,,,,,,,,,,,,,,,,,,,,,,,,,,,,,,,,,,,,,,,,,5,
394954,601,"Pahrump, NV",msa,NV,18,11,18,12,16,18,19,17,22,14,26,40,15,17,25,19,18,26,18,29,24,24,25,29,13,25,18,12,17,20,29,18,21,9,8,12,13,12,11,17,19,20,10,11,12,11,13,17,9,6,20,16,16,11,9,10,11,12,6,11,6,6,11,11,11,21,14,6,12,9
753905,604,"Newport, OR",msa,OR,,,,,,,,,,,,,,,,,,,,,,,,,,,,,,,,,,,,,,,,,,,,,,,,,,,,,,,,,,,,,,,,,,,,,,5
395091,606,"Shelbyville, TN",msa,TN,,,,,,,,,,,,,,,,,,,,,,,,10,5,5,9,11,5,7,9,13,14,11,8,12,17,16,30,20,26,25,25,21,12,20,13,29,11,15,9,14,27,34,35,20,10,9,15,17,15,14,31,21,16,36,27,24,27,15
753911,608,"Ozark, AL",msa,AL,,,,,,,,,,,,,,,,,,,,,,,,,,,,,,,,,,,,,,,,,,,,,,,,,,,,,,,,,,,,,,9,7,12,11,14,10,11,11,5
394628,610,"Gardnerville Ranchos, NV",msa,NV,,,,,,,,,,,,,,,,,,,,,,,,,,,,,,,,,,,,,,,,,,,,,,,,,,,,,,,,,,,,,,,,,,,,,,8
753865,633,"Bardstown, KY",msa,KY,,,,,,,,,,,,,,,,,,,,,,,,,,,,,,,,,,,,,,,,,,,,,,,,,,,,,,,,,,,,,,,,,,,,7,5,9
394548,641,"Durant, OK",msa,OK,,,,,,,,,,,,,,,,,,,,,,,,,,,,,,,,,,,,,,,,,,,,,,,,,,,,,,,,,,,,,,,,,12,12,11,6,7,8
394567,663,"Ellensburg, WA",msa,WA,,,,,,,,,,,,,,,,,,,,,,,,,,,,,,,,,,,,,,,,,,,,,,,,,,,,,,,,,,,,,,,17,10,15,13,9,13,17,16
394476,704,"Clewiston, FL",msa,FL,,,,,,,,,,,,,,,,,,,,,,,,,,,,,,,,,6,10,10,11,7,6,11,11,7,5,8,14,15,5,14,13,15,9,16,14,6,9,13,10,13,5,12,9,12,14,21,10,20,15,12,11,25,14
394713,768,"Jackson, WY",msa,WY,,,,,,,,,,,,,,,,,,,,,,,,,,,,,,,,,,,,,,,,,,,,,,,,,,,,,,,,,,,,,,,,,,7,7,9,6,6
395112,922,"Spirit Lake, IA",msa,IA,,,,,,,,,,,,,,,,,,,,,,,,,,,,,,,,,,,,,,,,,,,,,,,,,,,,,,,,,,,,,,,,,,,,,,8
